batch_id,group_id,task_id,batch_position,batch_size,r1_next_x,r1_next_y,r1_tuf,r2_next_x,r2_next_y,r2_tuf,r1_queue_length,r2_queue_length,tuf_difference,task_pl_x,task_pl_y,task_dl_x,task_dl_y,r1_dist_to_pickup,r2_dist_to_pickup,task_dist_to_dropoff,task_type,deadline,assigned_robot,sequence_rank
B00001,B00001_R1,1,1,3,1.3716,0.2032,0.0,1.3716,2.54,0.0,0,0,0.0,0.762,0.2032,0.2032,1.9812,1.1176,2.9464,2.3368,2,20,0,1
B00001,B00001_R1,2,2,3,1.3716,0.2032,0.0,1.3716,2.54,0.0,0,0,0.0,1.6764,2.032,0.2032,1.9812,2.6416,0.8128,2.032,2,30,0,2
B00001,B00001_R2,3,3,3,1.3716,0.2032,0.0,1.3716,2.54,0.0,0,0,0.0,2.54,1.6002,0.2032,1.6002,2.5654,2.1082,2.3368,2,20,1,1
B00002,B00002_R2,4,1,1,0.2032,1.9812,32.06,0.2032,1.6002,15.22,2,1,16.84,0.2032,1.143,1.6764,0.7112,1.3462,0.9652,2.413,1,30,1,1
B00003,B00003_R2,5,1,1,0.2032,1.9812,22.04,1.6764,0.7112,23.34,1,2,-1.3,0.762,0.2032,0.2032,1.6002,2.3368,1.4224,1.9558,2,10,1,1
B00004,B00004_R1,6,1,2,0.2032,1.9812,14.02,0.2032,1.6002,34.87,1,2,-20.85,1.9812,0.2032,0.762,2.032,3.556,3.175,3.556,3,10,0,1
B00004,B00004_R2,7,2,2,0.2032,1.9812,14.02,0.2032,1.6002,34.87,1,2,-20.85,1.0668,0.7112,0.2032,1.9812,2.6416,2.2606,2.6416,2,10,1,1
B00005,B00005_R1,8,1,1,0.762,2.032,34.07,0.2032,1.9812,44.69,1,2,-10.62,0.4572,2.54,0.2032,1.6002,0.8128,0.8128,1.1938,2,30,0,1
B00006,B00006_R1,9,1,4,0.2032,1.6002,40.07,0.2032,1.9812,39.07,2,2,1.0,1.6764,0.2032,0.762,0.2032,2.8702,3.2512,1.4224,3,30,0,2
B00006,B00006_R2,10,2,4,0.2032,1.6002,40.07,0.2032,1.9812,39.07,2,2,1.0,0.762,2.54,0.2032,1.9812,1.4986,1.1176,1.1176,2,20,1,1
B00006,B00006_R2,11,3,4,0.2032,1.6002,40.07,0.2032,1.9812,39.07,2,2,1.0,0.2032,0.762,1.6764,2.54,1.3462,1.7272,3.2512,1,30,1,2
B00006,B00006_R1,12,4,4,0.2032,1.6002,40.07,0.2032,1.9812,39.07,2,2,1.0,0.2032,0.762,2.54,1.6002,1.3462,1.7272,3.175,1,30,0,1
B00007,B00007_R1,13,1,2,0.762,0.2032,55.1,1.6764,2.54,47.78,3,3,7.32,0.2032,0.762,1.9812,0.7112,1.1176,3.2512,2.3368,1,10,0,1
B00007,B00007_R2,14,2,2,0.762,0.2032,55.1,1.6764,2.54,47.78,3,3,7.32,1.0668,2.54,0.2032,1.6002,3.2512,1.1176,1.8034,2,10,1,1
B00008,B00008_R1,15,1,5,1.9812,0.7112,63.02,0.2032,1.6002,54.59,3,3,8.43,0.2032,0.762,1.9812,2.032,2.3368,1.3462,3.556,1,10,0,2
B00008,B00008_R2,16,2,5,1.9812,0.7112,63.02,0.2032,1.6002,54.59,3,3,8.43,0.2032,1.143,1.6764,2.032,2.7178,0.9652,2.8702,1,20,1,3
B00008,B00008_R2,17,3,5,1.9812,0.7112,63.02,0.2032,1.6002,54.59,3,3,8.43,0.2032,1.143,2.54,0.762,2.7178,0.9652,2.7178,1,10,1,1
B00008,B00008_R2,18,4,5,1.9812,0.7112,63.02,0.2032,1.6002,54.59,3,3,8.43,1.6764,0.2032,0.2032,1.6002,0.8128,2.8702,2.8702,2,20,1,2
B00008,B00008_R1,19,5,5,1.9812,0.7112,63.02,0.2032,1.6002,54.59,3,3,8.43,0.4572,0.2032,1.6764,0.7112,2.032,1.651,1.7272,3,30,0,1
B00009,B00009_R1,20,1,1,1.9812,2.032,89.08,1.6764,2.032,100.98,4,5,-11.9,2.286,2.54,0.2032,1.9812,0.8128,1.1176,2.6416,2,10,0,1
B00010,B00010_R1,21,1,3,0.2032,1.9812,100.8,1.6764,2.032,90.06,5,5,10.74,0.2032,1.143,0.4572,2.54,1.3462,2.8702,1.651,1,10,0,1
B00010,B00010_R2,22,2,3,0.2032,1.9812,100.8,1.6764,2.032,90.06,5,5,10.74,1.9812,0.7112,2.286,0.2032,3.556,3.2512,0.8128,3,30,1,1
B00010,B00010_R2,23,3,3,0.2032,1.9812,100.8,1.6764,2.032,90.06,5,5,10.74,2.54,0.762,0.2032,1.9812,3.556,2.6416,3.556,2,30,1,2
B00011,B00011_R1,24,1,1,0.4572,2.54,106.01,0.2032,1.9812,124.03,5,6,-18.02,0.762,2.54,0.2032,1.9812,0.8128,1.1176,1.1176,2,20,0,1
B00012,B00012_R2,25,1,2,0.2032,1.9812,115.21,0.2032,1.9812,113.91,6,6,1.3,2.286,2.54,1.0668,0.7112,2.6416,2.6416,3.556,3,20,1,1
B00012,B00012_R1,26,2,2,0.2032,1.9812,115.21,0.2032,1.9812,113.91,6,6,1.3,0.2032,1.143,1.0668,2.032,1.3462,1.3462,2.2606,1,20,0,1
B00013,B00013_R1,27,1,1,1.0668,2.032,120.23,1.0668,0.7112,136.56,6,6,-16.33,0.2032,0.762,0.762,2.54,2.6416,1.4224,2.3368,1,10,0,1
B00014,B00014_R1,28,1,2,0.762,2.54,137.86,1.0668,0.7112,125.34,7,6,12.52,0.2032,1.143,0.4572,0.2032,1.9558,1.8034,1.1938,1,20,0,1
B00014,B00014_R2,29,2,2,0.762,2.54,137.86,1.0668,0.7112,125.34,7,6,12.52,0.2032,0.762,1.9812,0.7112,2.3368,1.4224,2.3368,1,30,1,1
B00015,B00015_R1,30,1,3,0.4572,0.2032,143.47,1.9812,0.7112,135.06,7,6,8.41,0.2032,0.762,0.4572,0.2032,0.8128,2.3368,0.8128,1,30,0,1
B00015,B00015_R2,31,2,3,0.4572,0.2032,143.47,1.9812,0.7112,135.06,7,6,8.41,1.6764,0.7112,0.2032,1.6002,1.7272,0.8128,2.8702,2,20,1,1
B00015,B00015_R1,32,3,3,0.4572,0.2032,143.47,1.9812,0.7112,135.06,7,6,8.41,0.762,0.2032,1.9812,0.2032,0.8128,1.7272,1.7272,3,20,0,2
B00016,B00016_R2,33,1,2,1.9812,0.2032,164.9,0.2032,1.6002,145.88,9,7,19.02,1.6764,2.032,0.2032,1.9812,3.2512,2.413,2.032,2,30,1,2
B00016,B00016_R2,34,2,2,1.9812,0.2032,164.9,0.2032,1.6002,145.88,9,7,19.02,0.2032,0.762,1.0668,0.7112,2.3368,1.3462,1.4224,1,20,1,1
B00017,B00017_R1,35,1,4,1.9812,0.2032,143.86,0.2032,1.9812,167.62,8,8,-23.76,0.2032,1.143,1.6764,2.032,2.7178,1.3462,2.8702,1,30,0,2
B00017,B00017_R1,36,2,4,1.9812,0.2032,143.86,0.2032,1.9812,167.62,8,8,-23.76,1.9812,0.2032,0.2032,1.6002,0.0,3.556,3.175,2,10,0,1
B00017,B00017_R2,37,3,4,1.9812,0.2032,143.86,0.2032,1.9812,167.62,8,8,-23.76,1.6764,0.2032,0.2032,1.9812,0.8128,3.2512,3.2512,2,10,1,1
B00017,B00017_R1,38,4,4,1.9812,0.2032,143.86,0.2032,1.9812,167.62,8,8,-23.76,1.9812,2.54,1.6764,0.7112,2.9464,2.3368,3.2512,3,20,0,3
B00018,B00018_R2,39,1,2,1.6764,0.7112,195.95,0.2032,1.9812,189.18,11,8,6.77,0.2032,1.143,1.9812,0.2032,2.413,1.3462,2.7178,1,10,1,1
B00018,B00018_R1,40,2,2,1.6764,0.7112,195.95,0.2032,1.9812,189.18,11,8,6.77,1.9812,0.7112,0.2032,1.6002,0.8128,3.556,3.175,2,10,0,1
B00019,B00019_R1,41,1,2,0.2032,1.6002,207.67,1.9812,0.2032,201.59,11,9,6.08,0.4572,2.54,0.2032,1.9812,1.1938,3.8608,0.8128,2,20,0,1
B00019,B00019_R2,42,2,2,0.2032,1.6002,207.67,1.9812,0.2032,201.59,11,9,6.08,2.54,1.143,0.2032,1.9812,2.794,1.4986,3.175,2,20,1,1
B00020,B00020_R2,43,1,3,0.2032,1.9812,212.27,0.2032,1.9812,215.83,12,9,-3.56,1.0668,0.7112,0.2032,1.9812,2.6416,2.6416,2.6416,2,20,1,1
B00020,B00020_R1,44,2,3,0.2032,1.9812,212.27,0.2032,1.9812,215.83,12,9,-3.56,1.9812,2.54,0.2032,1.9812,2.3368,2.3368,2.3368,2,20,0,1
B00020,B00020_R1,45,3,3,0.2032,1.9812,212.27,0.2032,1.9812,215.83,12,9,-3.56,1.0668,0.2032,0.2032,1.9812,2.6416,2.6416,2.6416,2,20,0,2
B00021,B00021_R2,46,1,1,0.2032,1.9812,252.86,0.2032,1.9812,232.17,13,10,20.69,0.2032,0.762,2.286,0.2032,1.7272,1.7272,2.6416,1,30,1,1
B00022,B00022_R1,47,1,1,0.2032,1.9812,241.45,2.286,0.2032,242.69,12,10,-1.24,0.762,2.032,0.2032,1.6002,1.1176,3.8608,1.4986,2,30,0,1
B00023,B00023_R2,48,1,1,0.2032,1.6002,252.46,2.286,0.2032,235.68,13,10,16.78,2.54,0.762,1.0668,0.2032,3.175,0.8128,2.032,3,20,1,1
B00024,B00024_R1,49,1,3,0.2032,1.6002,237.54,1.0668,0.2032,242.79,12,11,-5.25,2.286,2.54,0.2032,1.6002,3.0226,3.556,3.0226,2,10,0,2
B00024,B00024_R2,50,2,3,0.2032,1.6002,237.54,1.0668,0.2032,242.79,12,11,-5.25,0.2032,0.762,1.6764,0.7112,1.3462,1.4224,2.032,1,20,1,1
B00024,B00024_R1,51,3,3,0.2032,1.6002,237.54,1.0668,0.2032,242.79,12,11,-5.25,1.0668,2.54,0.2032,1.9812,1.8034,2.9464,1.4224,2,10,0,1
B00025,B00025_R2,52,1,2,0.2032,1.6002,276.71,1.6764,0.7112,249.1,14,11,27.61,1.0668,2.032,0.2032,1.9812,1.8034,2.9464,1.4224,2,20,1,1
B00025,B00025_R2,53,2,2,0.2032,1.6002,276.71,1.6764,0.7112,249.1,14,11,27.61,0.2032,0.762,2.286,2.54,1.3462,2.032,3.8608,1,30,1,2
B00026,B00026_R1,54,1,2,0.2032,1.6002,265.39,2.286,2.54,294.79,14,13,-29.4,1.0668,2.032,0.2032,1.6002,1.8034,1.7272,1.8034,2,10,0,1
B00026,B00026_R1,55,2,2,0.2032,1.6002,265.39,2.286,2.54,294.79,14,13,-29.4,1.9812,2.54,1.6764,0.7112,2.7178,0.8128,3.2512,3,30,0,2
B00027,B00027_R2,56,1,1,1.6764,0.7112,305.37,2.286,2.54,283.57,15,13,21.8,2.54,0.762,0.762,0.2032,1.4224,2.032,2.3368,3,10,1,1
B00028,B00028_R1,57,1,2,1.6764,0.7112,274.72,0.762,0.2032,276.96,13,12,-2.24,2.54,0.762,0.2032,1.9812,1.4224,2.3368,3.556,2,20,0,1
B00028,B00028_R2,58,2,2,1.6764,0.7112,274.72,0.762,0.2032,276.96,13,12,-2.24,0.2032,1.143,0.4572,0.2032,2.413,1.4986,1.1938,1,30,1,1
B00029,B00029_R2,59,1,3,0.2032,1.9812,269.02,0.4572,0.2032,262.74,12,12,6.28,0.2032,0.762,0.4572,2.54,1.7272,0.8128,2.032,1,10,1,1
B00029,B00029_R2,60,2,3,0.2032,1.9812,269.02,0.4572,0.2032,262.74,12,12,6.28,1.0668,2.032,0.2032,1.6002,1.4224,2.9464,1.8034,2,30,1,2
B00029,B00029_R1,61,3,3,0.2032,1.9812,269.02,0.4572,0.2032,262.74,12,12,6.28,1.6764,2.54,0.2032,1.6002,2.032,3.556,2.413,2,30,0,1
B00030,B00030_R2,62,1,2,0.2032,1.6002,284.76,0.2032,1.6002,286.78,13,13,-2.02,0.2032,0.762,1.0668,2.032,1.3462,1.3462,2.6416,1,10,1,1
B00030,B00030_R1,63,2,2,0.2032,1.6002,284.76,0.2032,1.6002,286.78,13,13,-2.02,0.2032,0.762,1.0668,2.032,1.3462,1.3462,2.6416,1,30,0,1
B00031,B00031_R2,64,1,4,1.0668,2.032,285.96,1.0668,2.032,290.28,13,14,-4.32,2.54,1.6002,0.2032,1.6002,2.413,2.413,2.3368,2,20,1,2
B00031,B00031_R1,65,2,4,1.0668,2.032,285.96,1.0668,2.032,290.28,13,14,-4.32,1.9812,2.032,0.2032,1.6002,1.4224,1.4224,2.7178,2,10,0,1
B00031,B00031_R2,66,3,4,1.0668,2.032,285.96,1.0668,2.032,290.28,13,14,-4.32,1.0668,2.54,0.2032,1.6002,0.508,0.508,1.8034,2,30,1,1
B00031,B00031_R1,67,4,4,1.0668,2.032,285.96,1.0668,2.032,290.28,13,14,-4.32,0.2032,1.143,0.762,2.032,2.2606,2.2606,1.9558,1,20,0,2
B00032,B00032_R1,68,1,2,0.762,2.032,307.79,0.2032,1.6002,307.81,14,15,-0.02,1.9812,0.2032,0.2032,1.6002,3.556,3.175,3.175,2,30,0,1
B00032,B00032_R2,69,2,2,0.762,2.032,307.79,0.2032,1.6002,307.81,14,15,-0.02,2.286,0.2032,0.2032,1.6002,3.8608,3.4798,3.4798,2,30,1,1
B00033,B00033_R1,70,1,1,0.2032,1.6002,306.91,0.2032,1.6002,307.71,13,14,-0.8,2.286,0.2032,0.2032,1.6002,3.4798,3.4798,3.4798,2,20,0,1
B00034,B00034_R2,71,1,2,0.2032,1.6002,320.93,0.2032,1.6002,290.87,14,14,30.06,0.762,0.7112,0.2032,1.6002,1.9558,1.9558,1.9558,2,20,1,1
B00034,B00034_R2,72,2,2,0.2032,1.6002,320.93,0.2032,1.6002,290.87,14,14,30.06,1.0668,0.2032,0.2032,1.9812,2.2606,2.2606,2.6416,2,20,1,2
B00035,B00035_R1,73,1,2,0.2032,1.6002,280.45,0.2032,1.9812,297.18,12,14,-16.73,0.2032,1.143,2.54,1.6002,0.9652,1.3462,2.794,1,10,0,1
B00035,B00035_R1,74,2,2,0.2032,1.6002,280.45,0.2032,1.9812,297.18,12,14,-16.73,2.286,0.2032,2.54,0.762,3.4798,3.8608,0.8128,3,30,0,2
B00036,B00036_R2,75,1,3,2.54,0.762,306.6,0.2032,1.9812,287.16,13,13,19.44,0.2032,1.143,1.6764,2.032,2.7178,1.3462,2.8702,1,20,1,2
B00036,B00036_R2,76,2,3,2.54,0.762,306.6,0.2032,1.9812,287.16,13,13,19.44,0.762,2.032,0.2032,1.6002,3.556,1.1176,1.4986,2,10,1,1
B00036,B00036_R1,77,3,3,2.54,0.762,306.6,0.2032,1.9812,287.16,13,13,19.44,0.2032,0.762,1.0668,2.032,2.9464,1.7272,2.6416,1,10,0,1
B00037,B00037_R2,78,1,2,1.0668,2.032,324.85,1.6764,2.032,315.01,14,15,9.84,0.2032,1.143,1.6764,0.7112,2.2606,2.8702,2.413,1,20,1,1
B00037,B00037_R1,79,2,2,1.0668,2.032,324.85,1.6764,2.032,315.01,14,15,9.84,0.762,2.54,0.2032,1.9812,0.8128,1.4224,1.1176,2,30,0,1
B00038,B00038_R1,80,1,4,0.2032,1.9812,317.63,1.6764,0.7112,321.22,14,15,-3.59,0.2032,1.143,1.6764,2.032,1.3462,2.413,2.8702,1,30,0,1
B00038,B00038_R2,81,2,4,0.2032,1.9812,317.63,1.6764,0.7112,321.22,14,15,-3.59,2.54,1.143,0.2032,1.9812,3.175,1.8034,3.175,2,30,1,1
B00038,B00038_R1,82,3,4,0.2032,1.9812,317.63,1.6764,0.7112,321.22,14,15,-3.59,1.6764,2.032,0.2032,1.6002,2.032,2.9464,2.413,2,10,0,2
B00038,B00038_R2,83,4,4,0.2032,1.9812,317.63,1.6764,0.7112,321.22,14,15,-3.59,0.2032,1.143,1.9812,2.54,1.3462,2.413,3.175,1,20,1,2
B00039,B00039_R1,84,1,3,0.2032,1.6002,343.07,1.9812,2.54,358.1,15,16,-15.03,0.2032,0.762,1.9812,0.2032,1.3462,3.556,2.3368,1,10,0,2
B00039,B00039_R1,85,2,3,0.2032,1.6002,343.07,1.9812,2.54,358.1,15,16,-15.03,0.762,2.54,0.2032,1.6002,1.4986,1.7272,1.4986,2,30,0,1
B00039,B00039_R2,86,3,3,0.2032,1.6002,343.07,1.9812,2.54,358.1,15,16,-15.03,1.6764,2.54,2.286,2.54,2.413,0.8128,1.1176,3,30,1,1
B00040,B00040_R2,87,1,2,1.9812,0.2032,374.32,2.286,2.54,364.9,17,17,9.42,0.2032,1.143,2.286,0.2032,2.7178,3.4798,3.0226,1,20,1,1
B00040,B00040_R1,88,2,2,1.9812,0.2032,374.32,2.286,2.54,364.9,17,17,9.42,1.6764,0.2032,2.54,1.6002,0.8128,2.9464,2.2606,3,30,0,1
B00041,B00041_R1,89,1,1,2.54,1.6002,379.33,2.286,0.2032,385.65,17,18,-6.32,1.9812,2.032,0.2032,1.6002,1.4986,2.6416,2.7178,2,30,0,1
B00042,B00042_R2,90,1,3,0.2032,1.6002,384.83,2.286,0.2032,367.3,18,17,17.53,2.286,2.54,2.54,1.143,3.0226,2.3368,1.651,3,10,1,2
B00042,B00042_R2,91,2,3,0.2032,1.6002,384.83,2.286,0.2032,367.3,18,17,17.53,0.762,0.2032,0.2032,1.6002,1.9558,2.032,1.9558,2,30,1,1
B00042,B00042_R1,92,3,3,0.2032,1.6002,384.83,2.286,0.2032,367.3,18,17,17.53,0.762,2.54,1.9812,0.7112,1.4986,3.8608,3.556,3,20,0,1
B00043,B00043_R1,93,1,2,1.9812,0.7112,392.75,2.54,1.143,392.35,18,18,0.4,0.2032,0.762,2.286,2.54,2.3368,2.7178,3.8608,1,30,0,1
B00043,B00043_R2,94,2,2,1.9812,0.7112,392.75,2.54,1.143,392.35,18,18,0.4,0.2032,1.143,0.762,0.7112,2.7178,2.3368,1.4986,1,30,1,1
B00044,B00044_R2,95,1,1,2.286,2.54,412.29,0.762,0.7112,401.78,19,18,10.51,0.2032,1.143,0.762,0.2032,3.4798,1.4986,1.4986,1,10,1,1
B00045,B00045_R2,96,1,2,2.286,2.54,400.96,0.762,0.2032,410.09,18,19,-9.13,0.2032,0.762,1.9812,0.2032,3.8608,1.1176,2.3368,1,20,1,1
B00045,B00045_R1,97,2,2,2.286,2.54,400.96,0.762,0.2032,410.09,18,19,-9.13,2.54,1.6002,0.2032,1.9812,1.1938,3.175,2.7178,2,20,0,1
B00046,B00046_R1,98,1,3,0.2032,1.9812,401.06,1.9812,0.2032,409.49,18,19,-8.43,1.0668,2.54,0.2032,1.6002,1.4224,3.2512,1.8034,2,10,0,2
B00046,B00046_R1,99,2,3,0.2032,1.9812,401.06,1.9812,0.2032,409.49,18,19,-8.43,1.0668,2.032,0.2032,1.9812,1.4224,3.2512,1.4224,2,10,0,1
B00046,B00046_R2,100,3,3,0.2032,1.9812,401.06,1.9812,0.2032,409.49,18,19,-8.43,0.2032,1.143,1.0668,0.2032,1.3462,2.7178,1.8034,1,30,1,1
