R1_next_x,R1_next_y,R1_tuf,R2_next_x,R2_next_y,R2_tuf,R1_queue_length,R2_queue_length,tuf_difference,Task_PL_x,Task_PL_y,Task_DL_x,Task_DL_y,R1_dist_to_pickup,R2_dist_to_pickup,task_dist_to_dropoff,task_type,Deadline,winner
0.762,2.54,14.13,1.3716,2.54,0,1,0,14.13,0.2032,0.762,0.762,2.54,2.3368,2.9464,2.3368,1,10,0
0.762,2.54,7.17,1.0668,2.032,17.18,1,1,-10.01,1.6764,0.7112,1.0668,2.032,3.2512,2.9464,2.9464,3,30,1
0.2032,1.6002,15.8,1.0668,2.032,11.89,1,1,3.91,0.762,0.7112,0.2032,1.6002,1.9558,3.2512,1.9558,2,30,0
0.2032,1.6002,9.91,0.4572,2.54,12.76,1,2,-2.85,0.762,2.032,0.4572,2.54,1.4986,0.8128,0.8128,3,10,1
0.2032,1.9812,17.94,0.4572,2.54,7.63,1,1,10.31,2.54,1.143,0.2032,1.9812,3.175,3.4798,3.175,2,10,0
0.2032,1.9812,12.35,0.2032,1.6002,14.28,1,1,-1.93,1.6764,2.54,0.2032,1.6002,2.032,2.413,2.413,2,30,1
1.0668,2.032,19.62,0.2032,1.6002,6.71,2,1,12.91,1.9812,2.54,1.0668,2.032,1.4224,2.7178,1.4224,3,20,0
1.0668,2.032,12.4,1.0668,0.2032,11.54,1,1,0.86,0.2032,0.762,1.0668,0.2032,2.6416,1.4224,1.4224,1,30,1
1.0668,2.032,8.84,2.54,1.143,19.01,1,2,-10.17,0.2032,0.762,2.54,1.143,2.6416,2.7178,2.7178,1,10,1
2.54,0.762,17.18,2.54,1.143,11.44,1,1,5.74,0.2032,0.762,2.54,0.762,2.9464,2.7178,2.9464,1,20,0
2.54,0.762,11.89,1.0668,0.2032,21.75,1,2,-9.86,1.6764,2.54,1.0668,0.2032,2.6416,2.9464,2.9464,3,10,1
0.2032,1.9812,18.25,1.0668,0.2032,14.23,2,1,4.02,2.54,1.143,0.2032,1.9812,3.175,2.413,3.175,2,30,0
0.2032,1.9812,12.35,0.762,0.7112,18.86,1,2,-6.51,0.2032,0.762,0.762,0.7112,1.7272,1.1176,1.1176,1,20,1
0.2032,1.6002,18.86,0.762,0.7112,11.08,2,1,7.78,0.762,0.2032,0.2032,1.6002,1.9558,0.508,1.9558,2,20,0
0.2032,1.6002,12.4,0.2032,1.9812,16.42,1,2,-4.02,0.762,0.2032,0.2032,1.9812,1.9558,2.3368,2.3368,2,10,1
1.0668,0.2032,21.59,0.2032,1.9812,10.67,2,1,10.92,2.54,0.762,1.0668,0.2032,2.032,3.556,2.032,3,10,0
1.0668,0.2032,14.99,2.286,2.54,15.65,1,1,-0.66,0.2032,1.143,2.286,2.54,1.8034,3.4798,3.4798,1,10,1
1.9812,0.7112,23.58,2.286,2.54,12.96,2,1,10.62,0.2032,0.762,1.9812,0.7112,2.3368,3.8608,2.3368,1,30,0
1.9812,0.7112,13.52,0.2032,1.9812,16.42,1,2,-2.9,1.9812,2.54,0.2032,1.9812,2.9464,2.3368,2.3368,2,10,1
0.762,0.7112,25.56,0.2032,1.9812,10.67,2,1,14.89,1.0668,2.54,0.762,0.7112,3.2512,1.4224,3.2512,3,30,0
0.762,0.7112,18.5,0.2032,1.6002,20.68,1,1,-2.18,2.286,0.2032,0.2032,1.6002,2.032,3.4798,3.4798,2,10,1
2.286,2.54,28.46,0.2032,1.6002,16.67,2,1,11.79,0.2032,0.762,2.286,2.54,3.8608,1.3462,3.8608,1,20,0
2.286,2.54,20.08,0.2032,1.6002,22.66,2,2,-2.58,0.762,0.2032,0.2032,1.6002,3.8608,1.9558,1.9558,2,20,1
2.286,2.54,13.72,0.2032,1.6002,26.42,1,2,-12.7,0.4572,0.2032,0.2032,1.6002,4.1656,1.651,1.651,2,30,1
0.762,2.54,25.11,0.2032,1.6002,22.51,2,2,2.6,0.2032,0.762,0.762,2.54,2.3368,1.3462,2.3368,1,20,0
0.762,2.54,17.28,0.2032,1.6002,24.59,1,2,-7.31,0.762,2.032,0.2032,1.6002,0.508,1.4986,1.4986,2,10,1
1.0668,2.54,25.1,0.2032,1.6002,21.29,2,2,3.81,0.2032,1.143,1.0668,2.54,2.2606,0.9652,2.2606,1,20,0
1.0668,2.54,14.43,0.2032,1.6002,29.58,1,2,-15.15,2.286,2.54,0.2032,1.6002,1.7272,3.0226,3.0226,2,10,1
0.2032,1.6002,23.58,0.2032,1.6002,22.36,2,2,1.22,1.6764,2.032,0.2032,1.6002,2.413,2.413,2.413,2,20,0
0.2032,1.6002,26.88,0.2032,1.6002,15.75,2,1,11.13,0.762,0.2032,0.2032,1.6002,1.9558,1.9558,1.9558,2,10,0
0.2032,1.6002,24.65,1.6764,0.2032,21.3,2,2,3.35,0.2032,1.143,1.6764,0.2032,0.9652,2.413,2.413,1,10,1
0.2032,1.6002,13.82,0.4572,2.54,29.33,1,2,-15.51,2.54,1.6002,0.4572,2.54,2.3368,3.0226,3.0226,3,10,1
0.762,0.7112,20.84,0.4572,2.54,23.89,2,2,-3.05,0.2032,1.143,0.762,0.7112,1.4986,1.651,1.4986,1,20,0
1.0668,2.54,24.45,0.4572,2.54,16.57,2,1,7.88,0.2032,1.143,1.0668,2.54,2.2606,1.651,2.2606,1,30,0
1.0668,2.54,22.52,0.2032,1.9812,28.01,2,2,-5.49,0.762,0.2032,0.2032,1.9812,3.2512,2.3368,2.3368,2,20,1
2.54,0.762,30.19,0.2032,1.9812,15.96,2,1,14.23,0.2032,0.762,2.54,0.762,2.9464,1.7272,2.9464,1,10,0
2.54,0.762,23.28,0.2032,1.9812,30.49,2,2,-7.21,2.54,1.143,0.2032,1.9812,0.889,3.175,3.175,2,30,1
2.54,0.762,32.93,0.2032,1.9812,23.88,2,2,9.05,0.2032,1.143,2.54,0.762,2.7178,1.3462,2.7178,1,20,0
2.54,0.762,28.76,2.54,1.6002,33.54,2,2,-4.78,0.762,0.2032,2.54,1.6002,2.3368,3.175,3.175,3,30,1
2.54,1.9812,29.78,2.54,1.6002,25.86,2,2,3.92,1.9812,2.54,2.54,1.9812,1.1176,1.4986,1.1176,3,10,0
2.54,1.9812,24.35,1.9812,0.2032,33.13,2,2,-8.78,1.6764,2.54,1.9812,0.2032,1.4224,3.2512,3.2512,3,10,1
2.54,1.9812,35.88,1.9812,0.2032,28.46,3,2,7.42,0.2032,1.143,2.54,1.9812,3.175,2.7178,3.175,1,20,0
2.54,1.9812,29.42,1.0668,2.032,37.41,2,3,-7.99,0.2032,1.143,1.0668,2.032,3.175,2.2606,2.2606,1,20,1
0.2032,1.9812,36.49,1.0668,2.032,30.19,2,2,6.3,2.286,0.2032,0.2032,1.9812,3.8608,3.556,3.8608,2,20,0
0.2032,1.9812,32.48,2.54,1.9812,34.05,2,3,-1.57,1.0668,2.54,2.54,1.9812,1.4224,2.032,2.032,3,10,1
1.6764,2.032,41.68,2.54,1.9812,27.04,3,2,14.64,0.2032,0.762,1.6764,2.032,3.2512,3.556,3.2512,1,30,0
1.6764,2.032,33.75,1.9812,0.7112,39.39,2,3,-5.64,0.2032,0.762,1.9812,0.7112,3.2512,2.3368,2.3368,1,10,1
1.6764,2.032,29.68,0.762,0.2032,41.78,2,3,-12.1,0.2032,0.762,0.762,0.2032,3.2512,1.1176,1.1176,1,10,1
1.6764,0.7112,36.8,0.762,0.2032,36.65,3,3,0.15,0.2032,0.762,1.6764,0.7112,2.032,1.1176,2.032,1,20,0
1.6764,0.7112,29.58,1.0668,2.54,42.95,2,3,-13.37,0.2032,0.762,1.0668,2.54,2.032,2.6416,2.6416,1,30,1
0.2032,1.9812,38.02,1.0668,2.54,37.1,3,3,0.92,2.54,1.6002,0.2032,1.9812,2.7178,2.413,2.7178,2,20,0
0.2032,1.9812,31.41,2.286,0.2032,40.56,2,3,-9.15,1.9812,0.7112,2.286,0.2032,3.556,0.8128,0.8128,3,30,1
2.54,0.762,40.15,2.286,0.2032,35.89,3,3,4.26,0.2032,1.143,2.54,0.762,2.7178,3.0226,2.7178,1,10,0
2.54,0.762,30.09,1.6764,2.54,45.44,2,3,-15.35,0.2032,0.762,1.6764,2.54,2.9464,3.2512,3.2512,1,20,1
0.2032,1.9812,40.92,1.6764,2.54,39.7,3,3,1.22,1.0668,0.2032,0.2032,1.9812,2.6416,2.9464,2.6416,2,20,0
0.2032,1.9812,29.48,1.6764,0.7112,46.05,2,3,-16.57,1.9812,2.032,1.6764,0.7112,2.3368,3.2512,3.2512,3,20,1
0.2032,1.6002,39.24,1.6764,0.7112,39.55,3,3,-0.31,1.0668,2.54,0.2032,1.6002,1.8034,2.9464,1.8034,2,10,0
1.0668,0.7112,39.34,1.6764,0.7112,31.92,3,2,7.42,0.2032,0.762,1.0668,0.7112,1.4224,2.032,1.4224,1,10,0
1.0668,0.7112,35.27,0.762,2.54,41.37,3,3,-6.1,1.9812,0.2032,0.762,2.54,1.4224,3.556,3.556,3,10,1
0.2032,1.6002,44.22,0.762,2.54,32.38,4,3,11.84,1.6764,2.54,0.2032,1.6002,2.413,1.4224,2.413,2,30,0
0.2032,1.6002,37.87,0.2032,1.6002,40.91,3,3,-3.04,1.6764,2.54,0.2032,1.6002,2.413,2.413,2.413,2,10,1
0.2032,1.6002,43.3,0.2032,1.6002,31.92,3,3,11.38,1.0668,0.2032,0.2032,1.6002,2.2606,2.2606,2.2606,2,20,0
0.2032,1.6002,40.6,1.9812,2.032,41.06,3,3,-0.46,0.2032,1.143,1.9812,2.032,0.9652,3.175,3.175,1,20,1
1.9812,0.2032,44.62,1.9812,2.032,32.07,3,3,12.55,0.2032,1.143,1.9812,0.2032,2.7178,3.175,2.7178,1,30,0
1.9812,0.2032,39.24,2.286,0.2032,43.51,3,3,-4.27,0.2032,0.762,2.286,0.2032,2.3368,2.6416,2.6416,1,10,1
1.9812,2.54,44.98,2.286,0.2032,38.02,3,3,6.96,0.762,0.7112,1.9812,2.54,3.556,2.032,3.556,3,10,0
1.9812,2.54,40.46,1.6764,0.2032,47.62,3,3,-7.16,0.2032,1.143,1.6764,0.2032,3.175,2.413,2.413,1,20,1
0.762,2.032,51.24,1.6764,0.2032,40,4,3,11.24,0.2032,0.762,0.762,2.032,2.3368,2.032,2.3368,1,20,0
0.762,2.032,45.8,0.2032,1.6002,48.73,3,3,-2.93,2.54,1.6002,0.2032,1.6002,2.7178,2.3368,2.3368,2,10,1
1.9812,2.54,53.62,0.2032,1.6002,43.34,4,3,10.28,2.54,1.143,1.9812,2.54,1.9558,2.794,1.9558,3,10,0
1.9812,2.54,47.16,0.2032,1.9812,49.39,3,3,-2.23,2.54,1.9812,0.2032,1.9812,1.1176,2.9464,2.9464,2,10,1
0.2032,1.6002,52.6,0.2032,1.9812,45.68,4,3,6.92,0.762,2.032,0.2032,1.6002,1.4986,1.1176,1.4986,2,20,0
0.2032,1.6002,45.38,0.2032,1.9812,49.7,3,4,-4.32,1.0668,2.54,0.2032,1.9812,1.8034,1.4224,1.4224,2,30,1
1.9812,0.2032,52.75,0.2032,1.9812,42.49,4,3,10.26,0.2032,0.762,1.9812,0.2032,2.3368,1.7272,2.3368,1,20,0
1.9812,0.2032,42.08,2.286,0.2032,50.93,3,4,-8.85,0.2032,1.143,2.286,0.2032,2.7178,3.0226,3.0226,1,20,1
0.2032,1.9812,52.2,2.286,0.2032,43.25,4,3,8.95,1.6764,0.2032,0.2032,1.9812,3.2512,1.1176,3.2512,2,30,0
0.2032,1.9812,44.68,0.2032,1.9812,54.28,4,4,-9.6,1.6764,2.032,0.2032,1.9812,2.032,2.032,2.032,2,20,1
0.2032,1.9812,48.08,0.2032,1.9812,42.39,4,3,5.69,0.762,2.032,0.2032,1.9812,1.1176,1.1176,1.1176,2,30,0
0.2032,1.9812,40.97,1.6764,2.032,50.62,4,4,-9.65,1.0668,2.032,1.6764,2.032,1.4224,1.1176,1.1176,3,30,1
2.286,0.2032,50.01,1.6764,2.032,41.27,4,3,8.74,0.2032,1.143,2.286,0.2032,3.0226,2.8702,3.0226,1,30,0
2.286,0.2032,39.34,1.6764,0.2032,52.15,3,4,-12.81,0.2032,0.762,1.6764,0.2032,2.6416,2.032,2.032,1,10,1
1.0668,0.2032,53.36,1.6764,0.2032,43.61,4,3,9.75,0.2032,1.143,1.0668,0.2032,1.8034,2.413,1.8034,1,30,0
1.0668,0.2032,40.86,0.762,2.032,52.45,3,4,-11.59,0.4572,2.54,0.762,2.032,2.9464,0.8128,0.8128,3,30,1
1.9812,0.2032,53.67,0.762,2.032,42.39,4,3,11.28,0.2032,1.143,1.9812,0.2032,2.7178,1.9558,2.7178,1,30,0
1.9812,0.2032,44.92,0.2032,1.9812,48.8,3,4,-3.88,0.4572,2.54,0.2032,1.9812,3.8608,0.8128,0.8128,2,30,1
0.2032,1.6002,51.99,0.2032,1.9812,40.05,4,3,11.94,2.54,1.143,0.2032,1.6002,2.794,3.175,2.794,2,30,0
0.2032,1.6002,45.28,0.2032,1.6002,48.64,3,4,-3.36,0.762,0.2032,0.2032,1.6002,1.9558,1.9558,1.9558,2,10,1
0.2032,1.6002,39.24,0.762,2.54,51.95,3,4,-12.71,0.2032,0.762,0.762,2.54,1.3462,2.3368,2.3368,1,10,1
0.2032,1.9812,42.08,0.762,2.54,46.72,3,4,-4.64,1.0668,2.54,0.2032,1.9812,1.4224,0.8128,1.4224,2,20,0
0.2032,1.9812,38.48,0.2032,1.9812,46.46,3,4,-7.98,0.4572,2.54,0.2032,1.9812,0.8128,0.8128,0.8128,2,20,1
1.9812,2.032,43.61,0.2032,1.9812,44.84,3,4,-1.23,0.2032,0.762,1.9812,2.032,3.556,1.7272,3.556,1,20,0
1.9812,2.032,40.61,0.762,0.7112,46.71,3,4,-6.1,0.2032,0.762,0.762,0.7112,3.556,1.1176,1.1176,1,10,1
1.6764,0.7112,46.2,0.762,0.7112,39.49,3,4,6.71,0.2032,0.762,1.6764,0.7112,2.032,1.1176,2.032,1,30,0
1.6764,0.7112,42.59,0.2032,1.6002,49.9,3,4,-7.31,2.54,1.143,0.2032,1.6002,1.8034,2.794,2.794,2,30,1
2.54,0.762,49.71,0.2032,1.6002,42.69,3,4,7.02,0.2032,0.762,2.54,0.762,2.9464,1.3462,2.9464,1,10,0
2.54,0.762,46.25,0.2032,1.6002,53.21,3,4,-6.96,1.9812,2.54,0.2032,1.6002,2.3368,2.7178,2.7178,2,10,1
1.6764,0.2032,53.22,0.2032,1.6002,45.58,4,3,7.64,0.2032,0.762,1.6764,0.2032,2.032,1.3462,2.032,1,20,0
2.54,1.6002,57.54,0.2032,1.6002,42.13,4,3,15.41,2.286,0.2032,2.54,1.6002,1.651,3.4798,1.651,3,20,0
2.54,1.6002,53.52,0.2032,1.9812,49.5,4,3,4.02,2.54,1.9812,0.2032,1.9812,0.889,2.9464,2.9464,2,30,1
2.286,0.2032,57.74,0.2032,1.9812,42.28,4,3,15.46,1.9812,2.54,2.286,0.2032,2.6416,2.3368,2.6416,3,10,0
2.286,0.2032,53.67,2.54,1.9812,49.24,4,3,4.43,0.2032,1.143,2.54,1.9812,3.0226,3.175,3.175,1,10,1
2.54,1.9812,58.96,2.54,1.9812,43.81,4,3,15.15,0.762,0.7112,2.54,1.9812,3.556,3.556,3.556,3,10,0
2.54,1.9812,53.57,0.2032,1.9812,55.5,4,4,-1.93,1.6764,0.7112,0.2032,1.9812,2.6416,3.2512,3.2512,2,10,1
2.54,1.9812,46.51,1.0668,2.032,62.56,4,4,-16.05,0.2032,0.762,1.0668,2.032,3.556,2.6416,2.6416,1,20,1
2.286,0.2032,59.16,1.0668,2.032,55.35,4,4,3.81,0.2032,0.762,2.286,0.2032,2.6416,2.6416,2.6416,1,30,0
2.286,0.2032,49.86,1.9812,0.2032,62.31,3,4,-12.45,1.6764,2.032,1.9812,0.2032,2.9464,3.2512,3.2512,3,20,1
0.762,0.7112,60.38,1.9812,0.2032,56.11,4,4,4.27,0.2032,0.762,0.762,0.7112,1.1176,2.3368,1.1176,1,10,0
0.762,0.7112,49.1,0.2032,1.9812,61.4,3,4,-12.3,1.9812,0.7112,0.2032,1.9812,1.7272,3.556,3.556,2,10,1
0.2032,1.9812,62.82,0.2032,1.9812,56.11,4,4,6.71,2.286,0.2032,0.2032,1.9812,3.8608,3.8608,3.8608,2,30,0
0.2032,1.9812,55.81,0.2032,1.9812,60.18,4,5,-4.37,0.762,2.54,0.2032,1.9812,1.1176,1.1176,1.1176,2,20,1
1.6764,2.54,58.6,0.2032,1.9812,52.81,4,4,5.79,1.0668,2.54,1.6764,2.54,1.1176,1.4224,1.1176,3,20,0
1.6764,2.54,53.67,2.54,1.143,61.24,4,5,-7.57,0.2032,0.762,2.54,1.143,3.2512,2.7178,2.7178,1,20,1
0.4572,0.2032,56.52,2.54,1.143,53.72,4,4,2.8,0.2032,0.762,0.4572,0.2032,0.8128,2.7178,0.8128,1,10,0
0.2032,1.9812,61.3,2.54,1.143,46.5,5,4,14.8,0.4572,0.2032,0.2032,1.9812,2.032,3.0226,2.032,2,20,0
0.2032,1.9812,53.06,0.4572,2.54,56.21,4,4,-3.15,2.286,0.2032,0.4572,2.54,3.8608,4.1656,4.1656,3,10,1
0.2032,1.6002,61.44,0.4572,2.54,50.46,5,4,10.98,1.0668,2.032,0.2032,1.6002,1.8034,1.1176,1.8034,2,30,0
0.2032,1.6002,53.82,1.0668,2.54,55.9,5,4,-2.08,0.2032,1.143,1.0668,2.54,0.9652,2.2606,2.2606,1,20,1
0.2032,1.9812,57.22,1.0668,2.54,49.55,5,4,7.67,0.762,2.032,0.2032,1.9812,1.1176,0.8128,1.1176,2,10,0
0.2032,1.9812,47.87,0.2032,1.6002,57.48,4,4,-9.61,2.54,1.6002,0.2032,1.6002,2.7178,2.3368,2.3368,2,30,1
1.9812,2.032,59.5,0.2032,1.6002,51.38,5,4,8.12,0.2032,1.143,1.9812,2.032,3.175,0.9652,3.175,1,20,0
1.9812,2.032,48.78,1.9812,0.7112,57.02,4,4,-8.24,1.9812,0.2032,1.9812,0.7112,2.9464,0.508,0.508,3,10,1
0.2032,1.9812,62.46,1.9812,0.7112,51.23,5,4,11.23,1.0668,0.7112,0.2032,1.9812,2.6416,1.4224,2.6416,2,10,0
0.2032,1.9812,54.78,0.2032,1.9812,56.82,4,4,-2.04,0.762,0.7112,0.2032,1.9812,2.3368,2.3368,2.3368,2,10,1
0.2032,1.9812,64.14,0.2032,1.9812,50.01,5,4,14.13,1.0668,0.7112,0.2032,1.9812,2.6416,2.6416,2.6416,2,10,0
0.2032,1.9812,57.64,1.0668,2.54,61.4,4,4,-3.76,1.6764,0.2032,1.0668,2.54,3.2512,2.9464,2.9464,3,30,1
0.2032,1.9812,69.62,1.0668,2.54,56.57,4,4,13.05,1.9812,0.2032,0.2032,1.9812,3.556,3.2512,3.556,2,10,0
0.2032,1.9812,66.93,0.2032,1.9812,65.51,4,4,1.42,1.9812,0.2032,0.2032,1.9812,3.556,3.556,3.556,2,30,1
0.2032,1.6002,70.69,0.2032,1.9812,60.27,4,4,10.42,2.54,1.6002,0.2032,1.6002,2.3368,2.7178,2.3368,2,20,0
0.2032,1.6002,66.67,0.4572,2.54,69.62,4,4,-2.95,2.54,1.6002,0.4572,2.54,2.3368,3.0226,3.0226,3,20,1
1.6764,2.54,70.69,0.4572,2.54,66.16,5,4,4.53,0.4572,2.54,1.6764,2.54,1.7272,0,1.7272,3,20,0
1.6764,2.54,63.47,0.2032,1.6002,69.47,4,4,-6,0.4572,0.2032,0.2032,1.6002,3.556,1.651,1.651,2,10,1
2.54,1.6002,74.8,0.2032,1.6002,62.96,5,4,11.84,0.2032,0.762,2.54,1.6002,3.175,1.3462,3.175,1,30,0
2.54,1.6002,67.02,0.2032,1.9812,73.89,4,5,-6.87,2.54,1.9812,0.2032,1.9812,0.889,2.9464,2.9464,2,30,1
0.2032,1.9812,78.05,0.2032,1.9812,67.29,5,4,10.76,0.762,0.7112,0.2032,1.9812,2.3368,2.3368,2.3368,2,10,0
0.2032,1.9812,70.83,0.2032,1.6002,78.01,5,5,-7.18,1.9812,2.032,0.2032,1.6002,2.3368,2.7178,2.7178,2,30,1
1.0668,0.2032,76.12,0.2032,1.6002,68.41,5,5,7.71,0.2032,1.143,1.0668,0.2032,1.8034,0.9652,1.8034,1,30,0
1.0668,0.2032,70.68,0.762,0.7112,72.73,5,5,-2.05,0.2032,0.762,0.762,0.7112,1.4224,1.1176,1.1176,1,20,1
1.0668,2.54,74.14,0.762,0.7112,65.06,5,5,9.08,0.2032,0.762,1.0668,2.54,2.6416,1.1176,2.6416,1,10,0
1.0668,2.54,71.75,1.0668,0.7112,68.92,5,5,2.83,0.2032,0.762,1.0668,0.7112,2.6416,1.4224,1.4224,1,10,1
1.6764,2.54,70.03,1.0668,0.7112,64.75,5,5,5.28,1.0668,2.54,1.6764,2.54,1.1176,2.9464,1.1176,3,10,0
1.6764,2.54,64.04,0.2032,1.6002,71.35,5,5,-7.31,2.286,0.2032,0.2032,1.6002,2.9464,3.4798,3.4798,2,20,1
0.2032,1.9812,68.11,0.2032,1.6002,66.42,6,5,1.69,0.4572,2.54,0.2032,1.9812,0.8128,1.1938,0.8128,2,10,0
0.2032,1.9812,61.35,0.2032,1.6002,72.01,5,5,-10.66,1.6764,0.7112,0.2032,1.6002,3.2512,2.8702,2.8702,2,20,1
0.2032,1.6002,63.54,0.2032,1.6002,67.34,6,5,-3.8,0.762,2.54,0.2032,1.6002,1.4986,1.4986,1.4986,2,30,0
0.2032,1.9812,75.93,0.2032,1.6002,59.41,6,5,16.52,1.9812,0.2032,0.2032,1.9812,3.556,3.175,3.556,2,30,0
0.2032,1.9812,68.26,0.2032,1.9812,71.45,6,5,-3.19,1.6764,0.2032,0.2032,1.9812,3.2512,3.2512,3.2512,2,10,1
1.6764,2.032,76.23,0.2032,1.9812,63.21,6,4,13.02,0.2032,1.143,1.6764,2.032,2.8702,1.3462,2.8702,1,10,0
1.6764,2.032,69.17,0.2032,1.6002,74.8,6,5,-5.63,2.54,1.143,0.2032,1.6002,2.2606,2.794,2.794,2,20,1
0.2032,1.6002,80.85,0.2032,1.6002,68.35,6,4,12.5,1.0668,0.7112,0.2032,1.6002,2.2606,2.2606,2.2606,2,20,0
0.2032,1.6002,72.1,1.0668,2.032,74.81,5,5,-2.71,0.2032,0.762,1.0668,2.032,1.3462,2.6416,2.6416,1,10,1
0.762,0.7112,75.97,1.0668,2.032,67.64,6,4,8.33,0.2032,1.143,0.762,0.7112,1.4986,2.2606,1.4986,1,20,0
0.762,0.7112,70.23,2.286,0.2032,78.47,5,5,-8.24,0.2032,1.143,2.286,0.2032,1.4986,3.0226,3.0226,1,30,1
0.2032,1.9812,79.02,2.286,0.2032,72.07,5,5,6.95,1.9812,2.54,0.2032,1.9812,2.3368,2.6416,2.3368,2,20,0
0.2032,1.9812,72.67,1.6764,2.032,81.27,5,5,-8.6,0.2032,0.762,1.6764,2.032,1.7272,3.2512,3.2512,1,20,1
2.54,1.143,81.77,1.6764,2.032,74.66,6,5,7.11,0.762,0.2032,2.54,1.143,2.7178,3.2512,2.7178,3,10,0
2.54,1.143,75.16,0.2032,1.6002,77.11,5,5,-1.95,1.6764,2.032,0.2032,1.6002,2.2606,2.413,2.413,2,20,1
1.6764,0.2032,79.18,0.2032,1.6002,71.27,6,5,7.91,2.286,0.2032,1.6764,0.2032,1.1176,3.4798,1.1176,3,20,0
1.6764,0.2032,71.36,0.2032,1.6002,80.16,5,6,-8.8,1.6764,2.54,0.2032,1.6002,2.9464,2.413,2.413,2,10,1
1.9812,2.54,81.93,0.2032,1.6002,72.63,6,5,9.3,0.762,0.2032,1.9812,2.54,3.556,1.9558,3.556,3,10,0
1.9812,2.54,71.41,0.2032,1.9812,81.68,5,6,-10.27,1.9812,2.54,0.2032,1.9812,0,2.3368,2.3368,2,20,1
1.9812,2.54,89.7,0.2032,1.9812,75.22,6,5,14.48,0.2032,0.762,1.9812,2.54,3.556,1.7272,3.556,1,30,0
1.9812,2.54,79.58,0.2032,1.6002,86.25,5,6,-6.67,2.286,2.54,0.2032,1.6002,0.8128,3.0226,3.0226,2,20,1
1.6764,2.54,82.22,0.2032,1.6002,77.71,6,5,4.51,1.6764,2.032,1.6764,2.54,0.508,2.413,0.508,3,30,0
1.6764,2.54,71.55,1.9812,0.2032,85.79,5,6,-14.24,0.2032,1.143,1.9812,0.2032,2.8702,2.7178,2.7178,1,10,1
1.6764,2.032,84.36,1.9812,0.2032,77.41,6,6,6.95,0.2032,1.143,1.6764,2.032,2.8702,2.7178,2.8702,1,20,0
1.6764,2.032,78.26,1.0668,2.032,89.25,6,6,-10.99,0.2032,1.143,1.0668,2.032,2.8702,2.2606,2.2606,1,20,1
0.2032,1.9812,87.72,1.0668,2.032,78.42,6,5,9.3,0.762,0.7112,0.2032,1.9812,2.3368,3.2512,2.3368,2,10,0
0.2032,1.9812,79.48,0.2032,1.9812,90.78,5,6,-11.3,0.762,0.2032,0.2032,1.9812,2.3368,2.3368,2.3368,2,10,1
1.0668,2.54,91.37,0.2032,1.9812,83.46,6,6,7.91,0.2032,0.762,1.0668,2.54,2.6416,1.7272,2.6416,1,10,0
1.0668,2.54,81.77,1.9812,0.7112,90.37,6,6,-8.6,0.2032,0.762,1.9812,0.7112,2.6416,2.3368,2.3368,1,20,1
1.6764,2.032,89.6,1.9812,0.7112,83.92,6,6,5.68,2.54,1.6002,1.6764,2.032,1.8034,1.9558,1.8034,3,30,0
1.6764,2.032,85.58,0.2032,1.6002,94.18,6,6,-8.6,1.6764,2.54,0.2032,1.6002,0.508,2.413,2.413,2,30,1
1.9812,2.032,90.87,0.2032,1.6002,86.51,6,6,4.36,1.0668,0.2032,1.9812,2.032,3.2512,2.2606,3.2512,3,10,0
1.9812,2.032,89.25,0.2032,1.6002,91.79,6,6,-2.54,0.762,0.2032,0.2032,1.6002,3.556,1.9558,1.9558,2,20,1
1.0668,2.032,96.76,0.2032,1.6002,89.86,6,6,6.9,2.54,1.143,1.0668,2.032,2.8702,2.794,2.8702,3,20,0
1.0668,2.032,92.14,1.9812,0.7112,91.79,6,6,0.35,0.2032,0.762,1.9812,0.7112,2.6416,2.3368,2.3368,1,30,1
0.2032,1.6002,95.9,1.9812,0.7112,86.35,6,6,9.55,2.286,2.54,0.2032,1.6002,3.0226,2.6416,3.0226,2,20,0
0.2032,1.6002,90.51,0.4572,2.54,94.08,6,7,-3.57,0.2032,0.762,0.4572,2.54,1.3462,2.032,2.032,1,20,1
0.2032,1.6002,97.72,0.4572,2.54,87.16,7,6,10.56,0.762,0.7112,0.2032,1.6002,1.9558,2.6416,1.9558,2,20,0
0.2032,1.6002,91.27,0.2032,1.6002,96.97,6,7,-5.7,1.0668,0.2032,0.2032,1.6002,2.2606,2.2606,2.2606,2,20,1
0.4572,0.2032,94.22,0.2032,1.6002,89.8,7,6,4.42,0.2032,0.762,0.4572,0.2032,0.8128,1.3462,0.8128,1,20,0
0.4572,0.2032,87.01,2.54,1.9812,99.86,6,7,-12.85,1.6764,0.7112,2.54,1.9812,1.7272,2.6416,2.6416,3,20,1
1.6764,0.2032,93,2.54,1.9812,92.69,7,6,0.31,0.2032,1.143,1.6764,0.2032,2.413,3.175,2.413,1,20,0
2.286,2.54,103.57,2.54,1.9812,86.19,7,6,17.38,0.2032,1.143,2.286,2.54,3.4798,3.175,3.4798,1,20,0
2.286,2.54,98.79,1.9812,2.032,95.58,7,6,3.21,0.2032,0.762,1.9812,2.032,3.8608,3.556,3.556,1,30,1
2.286,0.2032,105.29,1.9812,2.032,91.67,7,6,13.62,0.2032,1.143,2.286,0.2032,3.0226,3.175,3.0226,1,10,0
2.286,0.2032,101.38,0.762,0.2032,97.11,7,6,4.27,0.2032,0.762,0.762,0.2032,2.6416,1.1176,1.1176,1,10,1
2.286,0.2032,95.13,2.54,1.6002,109,7,7,-13.87,0.2032,1.143,2.54,1.6002,3.0226,2.794,2.794,1,20,1
1.0668,2.032,104.48,2.54,1.6002,98.33,7,6,6.15,0.2032,0.762,1.0668,2.032,2.6416,3.175,2.6416,1,20,0
1.0668,2.032,97.88,0.2032,1.9812,110.67,7,7,-12.79,0.762,0.2032,0.2032,1.9812,3.2512,2.3368,2.3368,2,10,1
1.6764,2.032,108,0.2032,1.9812,100.61,7,6,7.39,0.2032,0.762,1.6764,2.032,3.2512,1.7272,3.2512,1,10,0
1.6764,2.032,101.08,0.2032,1.9812,113.02,7,7,-11.94,2.286,2.54,0.2032,1.9812,1.1176,2.6416,2.6416,2,10,1
0.2032,1.9812,105.25,0.2032,1.9812,105.95,7,7,-0.7,1.6764,2.54,0.2032,1.9812,2.032,2.032,2.032,2,10,0
0.2032,1.6002,114.9,0.2032,1.9812,99.35,7,6,15.55,1.9812,0.2032,0.2032,1.6002,3.175,3.556,3.175,2,20,0
0.2032,1.6002,112.52,1.0668,2.54,108.71,7,7,3.81,1.0668,0.2032,1.0668,2.54,2.2606,2.9464,2.9464,3,30,1
0.2032,1.6002,101.69,0.2032,1.9812,116.89,6,7,-15.2,2.54,1.9812,0.2032,1.9812,2.7178,2.9464,2.9464,2,10,1
2.54,1.6002,110.38,0.2032,1.9812,110.29,7,7,0.09,0.2032,1.143,2.54,1.6002,2.794,1.3462,2.794,1,20,0
2.54,1.6002,104.13,0.2032,1.9812,119.95,7,8,-15.82,0.762,0.7112,0.2032,1.9812,3.175,2.3368,2.3368,2,10,1
0.4572,2.54,109.37,0.2032,1.9812,112.02,7,7,-2.65,1.0668,2.54,0.4572,2.54,1.1176,1.4224,1.1176,3,20,0
0.2032,1.6002,117.81,0.2032,1.9812,104.91,8,7,12.9,1.6764,2.032,0.2032,1.6002,2.413,2.032,2.413,2,20,0
0.2032,1.6002,105.76,0.2032,1.9812,105.92,7,7,-0.16,0.4572,2.54,0.2032,1.9812,1.1938,0.8128,0.8128,2,10,1
0.2032,1.6002,117.24,0.2032,1.9812,102.92,8,7,14.32,1.6764,2.032,0.2032,1.6002,2.413,2.032,2.413,2,20,0
0.2032,1.6002,110.94,0.2032,1.6002,108.66,8,7,2.28,2.54,1.9812,0.2032,1.6002,2.7178,2.7178,2.7178,2,10,1
0.2032,1.6002,103.11,0.2032,1.9812,117.41,7,8,-14.3,0.762,0.2032,0.2032,1.9812,1.9558,2.3368,2.3368,2,10,1
2.54,1.143,108.64,0.2032,1.9812,110.5,8,8,-1.86,0.2032,1.143,2.54,1.143,2.3368,1.3462,2.3368,1,20,0
2.54,1.143,99.65,1.0668,0.2032,117.41,7,8,-17.76,0.4572,2.54,1.0668,0.2032,3.4798,2.9464,2.9464,3,20,1
0.2032,1.9812,109.72,1.0668,0.2032,109.74,8,8,-0.02,1.0668,2.032,0.2032,1.9812,1.4224,2.9464,1.4224,2,30,0
0.2032,1.9812,102.65,1.0668,0.2032,118.32,7,8,-15.67,2.54,1.143,1.0668,0.2032,3.175,2.413,2.413,3,30,1
1.0668,2.54,115.66,1.0668,0.2032,113.54,8,8,2.12,1.9812,0.7112,1.0668,2.54,3.2512,1.4224,3.2512,3,20,0
1.0668,2.54,108.65,0.2032,1.6002,113.19,8,8,-4.54,1.0668,0.7112,0.2032,1.6002,2.9464,2.2606,2.2606,2,10,1
0.2032,1.6002,119.01,0.2032,1.6002,109.12,8,8,9.89,1.6764,0.2032,0.2032,1.6002,2.8702,2.8702,2.8702,2,20,0
0.2032,1.6002,110.42,0.2032,1.9812,118.98,8,9,-8.56,1.6764,0.7112,0.2032,1.9812,2.8702,3.2512,3.2512,2,20,1
2.286,2.54,120.12,0.2032,1.9812,111.91,8,8,8.21,0.2032,0.762,2.286,2.54,3.8608,1.7272,3.8608,1,20,0
2.286,2.54,110.77,0.2032,1.6002,119.28,7,9,-8.51,1.6764,2.54,0.2032,1.6002,1.1176,2.413,2.413,2,10,1
0.4572,0.2032,122.67,0.2032,1.6002,113.39,8,8,9.28,0.762,0.2032,0.4572,0.2032,0.8128,1.9558,0.8128,3,10,0
0.4572,0.2032,111.84,2.54,0.762,118.62,7,8,-6.78,0.2032,1.143,2.54,0.762,1.1938,2.7178,2.7178,1,10,1
0.2032,1.9812,117.08,2.54,0.762,113.24,8,8,3.84,0.4572,0.2032,0.2032,1.9812,2.032,2.6416,2.032,2,10,0
0.2032,1.9812,109.76,1.0668,2.54,118.98,8,8,-9.22,0.2032,0.762,1.0668,2.54,1.7272,2.6416,2.6416,1,30,1
0.2032,1.9812,114.79,1.0668,2.54,115.06,8,8,-0.27,0.762,2.032,0.2032,1.9812,1.1176,0.8128,1.1176,2,10,0
1.9812,2.032,119.16,1.0668,2.54,104.39,8,7,14.77,0.2032,1.143,1.9812,2.032,3.175,2.2606,3.175,1,20,0
1.9812,2.032,113.92,1.9812,0.2032,117.5,8,8,-3.58,2.54,1.9812,1.9812,0.2032,1.1176,2.3368,2.3368,3,20,1
1.9812,2.032,104.57,0.2032,1.9812,119.74,7,8,-15.17,0.762,0.7112,0.2032,1.9812,3.556,2.3368,2.3368,2,30,1
0.762,2.032,118.19,0.2032,1.9812,114.92,8,8,3.27,1.0668,0.2032,0.762,2.032,3.2512,2.6416,3.2512,3,30,0
0.762,2.032,111.74,1.9812,2.032,122.13,8,9,-10.39,0.2032,1.143,1.9812,2.032,1.9558,3.175,3.175,1,10,1
2.54,0.762,119.31,1.9812,2.032,118.11,8,8,1.2,0.2032,1.143,2.54,0.762,2.7178,3.175,2.7178,1,30,0
2.54,0.762,113.42,0.4572,0.2032,123.55,8,8,-10.13,2.54,0.762,0.4572,0.2032,0,2.6416,2.6416,3,10,1
1.6764,0.2032,123.28,0.4572,0.2032,117.81,9,8,5.47,0.2032,1.143,1.6764,0.2032,2.413,1.1938,2.413,1,30,0
1.6764,0.2032,115.76,0.2032,1.6002,131.79,8,9,-16.03,2.286,2.54,0.2032,1.6002,2.9464,3.0226,3.0226,2,20,1
0.2032,1.9812,124.81,0.2032,1.6002,124.57,9,8,0.24,0.762,2.032,0.2032,1.9812,1.1176,1.4986,1.1176,2,10,0
0.4572,2.54,129.79,0.2032,1.6002,117.51,9,8,12.28,0.2032,0.762,0.4572,2.54,2.032,1.3462,2.032,1,10,0
0.4572,2.54,122.57,2.54,0.762,123.66,9,8,-1.09,0.2032,1.143,2.54,0.762,1.651,2.7178,2.7178,1,20,1
0.2032,1.6002,129.94,2.54,0.762,116.9,9,8,13.04,1.9812,2.54,0.2032,1.6002,2.7178,2.3368,2.7178,2,20,0
0.2032,1.6002,125.06,1.0668,2.54,126.86,9,8,-1.8,0.762,0.7112,1.0668,2.54,1.9558,3.2512,3.2512,3,20,1
2.54,1.143,130.25,1.0668,2.54,122.08,9,8,8.17,0.2032,1.143,2.54,1.143,2.3368,2.2606,2.3368,1,30,0
2.54,1.143,122.01,1.6764,2.54,128.59,8,8,-6.58,0.2032,0.762,1.6764,2.54,2.7178,3.2512,3.2512,1,10,1
0.2032,1.6002,131.16,1.6764,2.54,124.52,9,8,6.64,2.286,0.2032,0.2032,1.6002,3.4798,2.9464,3.4798,2,10,0
0.2032,1.6002,122.32,0.2032,1.6002,126.91,8,8,-4.59,1.9812,2.54,0.2032,1.6002,2.7178,2.7178,2.7178,2,30,1
1.6764,2.032,132.13,0.2032,1.6002,123.45,9,8,8.68,0.2032,0.762,1.6764,2.032,3.2512,1.3462,3.2512,1,10,0
1.6764,2.032,124.91,2.54,1.9812,128.58,9,8,-3.67,0.2032,0.762,2.54,1.9812,3.2512,3.556,3.556,1,20,1
0.2032,1.6002,129.84,2.54,1.9812,125.89,9,8,3.95,0.762,2.032,0.2032,1.6002,1.4986,2.3368,1.4986,2,30,0
0.2032,1.6002,122.93,2.286,2.54,134.37,9,8,-11.44,0.2032,0.762,2.286,2.54,1.3462,3.8608,3.8608,1,30,1
1.6764,2.54,130.19,2.286,2.54,129.69,9,8,0.5,0.2032,0.762,1.6764,2.54,3.2512,3.8608,3.2512,1,30,0
0.2032,1.6002,135.59,2.286,2.54,122.53,10,8,13.06,1.6764,2.54,0.2032,1.6002,2.413,1.1176,2.413,2,20,0
0.2032,1.6002,124.76,1.6764,2.032,134.61,9,8,-9.85,1.0668,0.2032,1.6764,2.032,2.2606,2.9464,2.9464,3,10,1
0.762,2.54,133.19,1.6764,2.032,129.08,10,8,4.11,0.2032,1.143,0.762,2.54,1.9558,2.8702,1.9558,1,30,0
0.762,2.54,124.86,0.4572,0.2032,133.6,10,8,-8.74,1.9812,0.7112,0.4572,0.2032,3.556,2.032,2.032,3,10,1
1.9812,0.7112,133.75,0.4572,0.2032,131.67,10,8,2.08,0.2032,0.762,1.9812,0.7112,2.3368,0.8128,2.3368,1,30,0
1.9812,0.7112,123.69,0.2032,1.6002,135.73,9,8,-12.04,1.0668,2.032,0.2032,1.6002,3.2512,1.8034,1.8034,2,10,1
0.2032,1.6002,135.74,0.2032,1.6002,131.05,10,8,4.69,2.54,1.9812,0.2032,1.6002,2.7178,2.7178,2.7178,2,20,0
0.2032,1.6002,127.81,2.54,1.9812,141.06,10,9,-13.25,1.0668,0.7112,2.54,1.9812,2.2606,3.2512,3.2512,3,30,1
2.54,1.6002,135.89,2.54,1.9812,133.23,10,8,2.66,0.2032,1.143,2.54,1.6002,2.794,3.175,2.794,1,30,0
0.2032,1.6002,141.48,2.54,1.9812,126.77,10,8,14.71,1.6764,0.2032,0.2032,1.6002,2.8702,2.6416,2.8702,2,30,0
0.2032,1.6002,139.09,1.6764,0.2032,132.52,10,8,6.57,1.0668,0.2032,1.6764,0.2032,2.2606,1.1176,1.1176,3,20,1
2.54,0.762,146.06,1.6764,0.2032,130.9,11,8,15.16,0.2032,0.762,2.54,0.762,2.9464,2.032,2.9464,1,10,0
2.54,0.762,138.03,2.286,2.54,137.25,10,8,0.78,0.2032,0.762,2.286,2.54,2.9464,3.8608,3.8608,1,20,1
0.2032,1.9812,144.13,2.286,2.54,134.56,11,8,9.57,2.54,0.762,0.2032,1.9812,3.556,2.032,3.556,2,10,0
0.2032,1.9812,136.91,1.9812,0.7112,139.85,10,8,-2.94,0.2032,0.762,1.9812,0.7112,1.7272,2.3368,2.3368,1,30,1
1.9812,0.7112,146.37,1.9812,0.7112,135.84,11,8,10.53,1.9812,2.54,1.9812,0.7112,2.9464,2.9464,2.9464,3,30,0
1.9812,0.7112,140.68,1.6764,2.54,142.75,10,9,-2.07,1.6764,0.2032,1.6764,2.54,0.8128,2.9464,2.9464,3,20,1
1.9812,0.7112,133.67,2.54,0.762,149.72,10,9,-16.05,0.2032,1.143,2.54,0.762,2.7178,2.7178,2.7178,1,10,1
1.6764,2.54,144.14,2.54,0.762,146.93,10,9,-2.79,0.762,0.2032,1.6764,2.54,3.2512,2.3368,3.2512,3,10,0
1.6764,0.7112,146.22,2.54,0.762,138.5,10,9,7.72,1.6764,2.032,1.6764,0.7112,2.9464,2.6416,2.9464,3,30,0
1.6764,0.7112,140.78,0.2032,1.9812,146.07,10,9,-5.29,2.286,2.54,0.2032,1.9812,2.9464,2.6416,2.6416,2,30,1
0.2032,1.9812,150.44,0.2032,1.9812,139.56,10,9,10.88,1.9812,2.54,0.2032,1.9812,2.3368,2.3368,2.3368,2,30,0
0.2032,1.9812,143.38,0.2032,1.6002,144.39,10,9,-1.01,1.6764,2.54,0.2032,1.6002,2.032,2.413,2.413,2,20,1
0.2032,1.6002,151.1,0.2032,1.6002,140.22,10,9,10.88,1.6764,2.54,0.2032,1.6002,2.413,2.413,2.413,2,30,0
0.2032,1.6002,146.43,1.6764,0.2032,146.53,10,10,-0.1,0.2032,1.143,1.6764,0.2032,0.9652,2.413,2.413,1,30,1
0.2032,1.6002,148.2,1.6764,0.2032,139.47,10,9,8.73,1.0668,2.54,0.2032,1.6002,1.8034,2.9464,1.8034,2,10,0
0.2032,1.6002,146.27,0.2032,1.9812,147.75,10,10,-1.48,0.762,2.032,0.2032,1.9812,1.4986,1.1176,1.1176,2,30,1
1.9812,2.54,150.48,0.2032,1.9812,139.37,10,9,11.11,0.2032,0.762,1.9812,2.54,3.556,1.7272,3.556,1,10,0
1.9812,2.54,145.96,0.2032,1.9812,148.72,10,10,-2.76,1.9812,2.54,0.2032,1.9812,0,2.3368,2.3368,2,30,1
1.9812,2.54,139.56,0.4572,2.54,153.5,10,10,-13.94,0.2032,0.762,0.4572,2.54,3.556,2.032,2.032,1,30,1
0.4572,0.2032,148.75,0.4572,2.54,149.43,10,10,-0.68,2.286,0.2032,0.4572,0.2032,2.3368,4.1656,2.3368,3,10,0
1.0668,2.54,154.45,0.4572,2.54,142.42,11,10,12.03,0.2032,0.762,1.0668,2.54,2.6416,2.032,2.6416,1,10,0
1.0668,2.54,148.5,0.2032,1.6002,145.21,10,10,3.29,0.762,2.032,0.2032,1.6002,0.8128,1.4986,1.4986,2,30,1
1.0668,2.54,141.49,0.2032,1.9812,158.06,10,11,-16.57,1.9812,0.7112,0.2032,1.9812,3.2512,3.556,3.556,2,30,1
1.9812,2.032,152.06,0.2032,1.9812,147.39,10,10,4.67,0.2032,0.762,1.9812,2.032,3.556,1.7272,3.556,1,30,0
1.9812,2.032,144.39,1.6764,0.2032,159.28,10,11,-14.89,0.2032,1.143,1.6764,0.2032,3.175,2.413,2.413,1,30,1
1.9812,0.2032,155.01,1.6764,0.2032,147.39,10,10,7.62,0.2032,0.762,1.9812,0.2032,2.3368,2.032,2.3368,1,10,0
1.9812,0.2032,151.55,1.0668,0.7112,158.41,10,11,-6.86,0.2032,1.143,1.0668,0.7112,2.7178,1.8034,1.8034,1,20,1
0.2032,1.6002,153.64,1.0668,0.7112,150.74,10,11,2.9,2.54,1.6002,0.2032,1.6002,2.3368,2.8702,2.3368,2,30,0
0.2032,1.6002,149.11,0.2032,1.6002,155.67,10,11,-6.56,0.762,0.7112,0.2032,1.6002,1.9558,1.9558,1.9558,2,30,1
0.762,0.2032,151.66,0.2032,1.6002,148,10,11,3.66,0.2032,1.143,0.762,0.2032,1.4986,0.9652,1.4986,1,10,0
0.762,0.2032,145.15,1.0668,0.7112,155.82,10,11,-10.67,1.0668,2.54,1.0668,0.7112,3.2512,2.9464,2.9464,3,10,1
0.2032,1.9812,156.39,1.0668,0.7112,152.27,11,11,4.12,1.9812,2.54,0.2032,1.9812,2.3368,3.2512,2.3368,2,10,0
0.2032,1.9812,148.71,1.9812,2.032,154.96,10,11,-6.25,1.0668,0.2032,1.9812,2.032,2.6416,3.2512,3.2512,3,10,1
0.2032,1.9812,153.19,1.9812,2.032,149.52,11,11,3.67,0.762,2.032,0.2032,1.9812,1.1176,1.7272,1.1176,2,10,0
0.2032,1.9812,145.97,1.0668,0.2032,157.65,10,11,-11.68,0.2032,1.143,1.0668,0.2032,1.3462,1.8034,1.8034,1,10,1
2.286,2.54,151.21,1.0668,0.2032,151.66,11,11,-0.45,1.6764,2.54,2.286,2.54,1.1176,2.9464,1.1176,3,30,0
0.2032,1.9812,158.07,1.0668,0.2032,143.42,11,10,14.65,2.54,1.6002,0.2032,1.9812,2.7178,2.8702,2.7178,2,30,0
0.2032,1.9812,152.89,0.2032,1.9812,154.7,11,11,-1.81,1.9812,0.7112,0.2032,1.9812,3.556,3.556,3.556,2,30,1
0.2032,1.9812,144.45,0.2032,1.9812,163.03,10,11,-18.58,1.6764,0.2032,0.2032,1.9812,3.2512,3.2512,3.2512,2,10,1
0.2032,1.6002,153.04,0.2032,1.9812,159.57,11,11,-6.53,0.4572,0.2032,0.2032,1.6002,1.651,2.032,1.651,2,30,0
0.2032,1.9812,158.48,0.2032,1.9812,149.51,11,10,8.97,2.54,1.6002,0.2032,1.9812,2.7178,2.7178,2.7178,2,30,0
0.2032,1.9812,153.35,0.762,2.54,158.51,11,11,-5.16,0.2032,0.762,0.762,2.54,1.7272,2.3368,2.3368,1,20,1
1.6764,2.032,160,0.762,2.54,151.6,11,10,8.4,0.2032,1.143,1.6764,2.032,2.8702,1.9558,2.8702,1,10,0
1.6764,2.032,154.71,0.2032,1.6002,166.13,11,11,-11.42,1.9812,0.7112,0.2032,1.6002,3.2512,3.175,3.175,2,10,1
2.54,0.762,164.88,0.2032,1.6002,157.29,12,11,7.59,0.2032,1.143,2.54,0.762,2.7178,0.9652,2.7178,1,10,0
2.54,0.762,157.05,2.54,0.762,164.92,11,11,-7.87,1.0668,0.7112,2.54,0.762,2.032,2.032,2.032,3,30,1
2.54,1.6002,160.35,2.54,0.762,158.21,12,11,2.14,2.54,0.762,2.54,1.6002,1.3462,0,1.3462,3,30,0
2.286,0.2032,167.31,2.54,0.762,151.6,12,10,15.71,0.2032,1.143,2.286,0.2032,3.0226,2.7178,3.0226,1,30,0
2.286,0.2032,163.39,1.6764,0.2032,161.57,12,11,1.82,1.9812,2.032,1.6764,0.2032,2.6416,3.2512,3.2512,3,20,1
0.2032,1.6002,166.7,1.6764,0.2032,155.21,12,10,11.49,0.762,0.2032,0.2032,1.6002,1.9558,1.4224,1.9558,2,10,0
0.2032,1.6002,164.77,2.54,1.6002,163.24,12,10,1.53,0.762,2.032,2.54,1.6002,1.4986,2.7178,2.7178,3,10,1
1.0668,0.7112,166.8,2.54,1.6002,159.63,12,10,7.17,0.2032,1.143,1.0668,0.7112,1.8034,2.794,1.8034,1,20,0
1.0668,0.7112,160.19,1.9812,0.7112,168.27,12,11,-8.08,0.2032,0.762,1.9812,0.7112,1.4224,2.3368,2.3368,1,10,1
0.2032,1.9812,165.48,1.9812,0.7112,163.74,12,10,1.74,1.6764,2.54,0.2032,1.9812,2.032,3.2512,2.032,2,30,0
0.2032,1.9812,163.25,0.2032,1.6002,164.61,12,10,-1.36,0.4572,0.2032,0.2032,1.6002,2.032,1.651,1.651,2,10,1
1.0668,2.032,167.1,0.2032,1.6002,160.59,12,10,6.51,0.2032,1.143,1.0668,2.032,2.2606,0.9652,2.2606,1,20,0
1.0668,2.032,160.04,2.286,0.2032,167.36,12,11,-7.32,0.2032,0.762,2.286,0.2032,2.6416,2.6416,2.6416,1,10,1
2.54,1.6002,169.95,2.286,0.2032,159.78,12,10,10.17,1.6764,0.7112,2.54,1.6002,2.2606,1.1176,2.2606,3,20,0
2.54,1.6002,162.78,0.2032,1.9812,168.42,12,11,-5.64,0.762,0.7112,0.2032,1.9812,3.175,2.3368,2.3368,2,30,1
2.54,0.762,172.58,0.2032,1.9812,160.91,12,10,11.67,0.2032,1.143,2.54,0.762,2.7178,1.3462,2.7178,1,10,0
2.54,0.762,165.67,0.2032,1.9812,165.38,12,11,0.29,0.762,2.032,0.2032,1.9812,3.556,1.1176,1.1176,2,20,1
0.2032,1.6002,172.17,0.2032,1.9812,157.15,12,11,15.02,2.54,0.762,0.2032,1.6002,3.175,3.556,3.175,2,10,0
0.2032,1.6002,164.5,1.0668,0.7112,165.43,12,11,-0.93,1.6764,0.7112,1.0668,0.7112,2.8702,1.1176,1.1176,3,30,1
1.9812,2.54,171.41,1.0668,0.7112,158.22,12,11,13.19,0.2032,1.143,1.9812,2.54,3.175,1.8034,3.175,1,20,0
1.9812,2.54,165.57,0.762,0.2032,162.84,12,11,2.73,0.2032,0.762,0.762,0.2032,3.556,1.1176,1.1176,1,30,1
1.9812,2.54,157.74,0.2032,1.9812,174.03,11,12,-16.29,1.9812,0.2032,0.2032,1.9812,2.9464,3.556,3.556,2,30,1
0.4572,2.54,172.12,0.2032,1.9812,161.68,12,11,10.44,2.286,0.2032,0.4572,2.54,4.1656,3.8608,4.1656,3,10,0
0.4572,2.54,160.68,2.54,0.762,172.4,11,12,-11.72,2.54,1.6002,2.54,0.762,3.0226,1.3462,1.3462,3,30,1
2.286,0.2032,171.76,2.54,0.762,165.34,12,12,6.42,0.2032,0.762,2.286,0.2032,2.6416,2.9464,2.6416,1,30,0
2.286,0.2032,165.92,0.2032,1.6002,173.77,11,12,-7.85,1.6764,2.54,0.2032,1.6002,2.9464,2.413,2.413,2,30,1
0.2032,1.9812,174.21,0.2032,1.6002,166.55,12,12,7.66,2.286,2.54,0.2032,1.9812,2.6416,3.0226,2.6416,2,10,0
0.2032,1.9812,165.67,0.2032,1.9812,175.44,11,12,-9.77,1.0668,0.7112,0.2032,1.9812,2.6416,2.6416,2.6416,2,30,1
0.2032,1.6002,177.71,0.2032,1.9812,169.45,12,12,8.26,1.9812,2.032,0.2032,1.6002,2.7178,2.3368,2.7178,2,30,0
0.2032,1.6002,167.8,0.2032,1.9812,171.99,11,13,-4.19,0.762,2.032,0.2032,1.9812,1.4986,1.1176,1.1176,2,10,1
0.2032,1.6002,174.2,0.2032,1.9812,165.23,12,12,8.97,0.4572,0.2032,0.2032,1.6002,1.651,2.032,1.651,2,30,0
0.2032,1.6002,167.74,0.2032,1.9812,178.85,11,13,-11.11,1.9812,0.2032,0.2032,1.9812,3.175,3.556,3.556,2,30,1
1.0668,2.032,176.94,0.2032,1.9812,171.17,12,12,5.77,0.2032,0.762,1.0668,2.032,2.6416,1.7272,2.6416,1,10,0
1.0668,2.032,166.88,0.762,0.7112,175.79,11,13,-8.91,0.2032,1.143,0.762,0.7112,2.2606,1.4986,1.4986,1,30,1
0.2032,1.9812,172.07,0.762,0.7112,168.57,12,12,3.5,1.6764,2.032,0.2032,1.9812,2.032,3.2512,2.032,2,20,0
0.2032,1.9812,165.47,0.2032,1.9812,177.32,11,13,-11.85,1.6764,0.2032,0.2032,1.9812,3.2512,3.2512,3.2512,2,20,1
0.2032,1.6002,173.45,0.2032,1.9812,169.64,12,12,3.81,0.4572,0.2032,0.2032,1.6002,1.651,2.032,1.651,2,30,0
1.6764,2.54,178.12,0.2032,1.9812,162.58,12,12,15.54,0.2032,0.762,1.6764,2.54,3.2512,1.7272,3.2512,1,30,0
1.6764,2.54,172.54,0.762,0.7112,173.3,12,12,-0.76,2.54,1.6002,0.762,0.7112,1.8034,3.175,3.175,3,10,1
1.6764,2.54,165.37,0.2032,1.6002,176.1,12,12,-10.73,1.0668,0.7112,0.2032,1.6002,2.9464,2.2606,2.2606,2,20,1
0.2032,1.9812,172.18,0.2032,1.6002,170.71,12,12,1.47,1.6764,2.032,0.2032,1.9812,2.032,2.413,2.032,2,10,0
0.4572,2.54,171.82,0.2032,1.6002,161.36,12,11,10.46,0.2032,1.143,0.4572,2.54,1.651,0.9652,1.651,1,10,0
0.4572,2.54,169.89,1.9812,0.2032,171.89,12,12,-2,0.2032,1.143,1.9812,0.2032,1.651,2.7178,2.7178,1,10,1
2.54,1.143,171.52,1.9812,0.2032,163.14,12,11,8.38,0.2032,1.143,2.54,1.143,2.3368,2.7178,2.3368,1,10,0
2.54,1.143,166.75,0.4572,0.2032,168.37,12,12,-1.62,0.2032,0.762,0.4572,0.2032,2.7178,0.8128,0.8128,1,10,1
0.762,2.032,173.82,0.4572,0.2032,159.38,13,11,14.44,1.9812,2.032,0.762,2.032,1.7272,3.8608,1.7272,3,20,0
0.762,2.032,165.28,0.2032,1.6002,174.32,12,12,-9.04,2.286,2.54,0.2032,1.6002,2.032,3.0226,3.0226,2,10,1
0.2032,1.9812,179,0.2032,1.6002,165.63,13,11,13.37,1.0668,0.2032,0.2032,1.9812,2.6416,2.2606,2.6416,2,10,0
0.2032,1.9812,167.72,0.762,0.2032,171.78,12,12,-4.06,0.2032,0.762,0.762,0.2032,1.7272,1.1176,1.1176,1,20,1
0.2032,1.6002,179.15,0.762,0.2032,165.79,13,12,13.36,1.9812,2.54,0.2032,1.6002,2.7178,3.556,2.7178,2,20,0
0.2032,1.6002,171.38,0.2032,1.6002,173.46,13,12,-2.08,1.9812,0.2032,0.2032,1.6002,3.175,3.175,3.175,2,30,1
1.6764,0.7112,177.07,0.2032,1.6002,166.4,13,12,10.67,0.2032,1.143,1.6764,0.7112,2.413,0.9652,2.413,1,30,0
1.6764,0.7112,171.23,1.0668,2.032,173.31,13,12,-2.08,0.2032,0.762,1.0668,2.032,2.032,2.6416,2.6416,1,20,1
1.6764,0.7112,164.02,0.4572,0.2032,176.87,12,12,-12.85,0.2032,1.143,0.4572,0.2032,2.413,1.1938,1.1938,1,10,1
0.2032,1.6002,172.29,0.4572,0.2032,172.86,13,12,-0.57,2.54,1.143,0.2032,1.6002,2.794,3.0226,2.794,2,20,0
1.9812,2.54,178.13,0.4572,0.2032,166.25,13,12,11.88,0.762,2.032,1.9812,2.54,1.7272,2.6416,1.7272,3,30,0
1.9812,2.54,170.92,1.9812,2.032,171.39,13,12,-0.47,0.2032,0.762,1.9812,2.032,3.556,3.556,3.556,1,10,1
1.0668,0.7112,179.81,1.9812,2.032,168.7,13,12,11.11,0.762,2.032,1.0668,0.7112,3.2512,1.7272,3.2512,3,20,0
1.0668,0.7112,172.24,1.0668,2.032,178.1,13,12,-5.86,0.2032,0.762,1.0668,2.032,1.4224,2.6416,2.6416,1,20,1
1.0668,2.54,179.3,1.0668,2.032,171.13,13,12,8.17,0.4572,0.2032,1.0668,2.54,2.9464,2.9464,2.9464,3,20,0
1.0668,2.54,170,0.2032,1.9812,182.36,12,12,-12.36,1.9812,0.2032,0.2032,1.9812,3.2512,3.556,3.556,2,10,1
2.54,0.762,180.83,0.2032,1.9812,176.92,13,12,3.91,1.9812,2.032,2.54,0.762,2.3368,2.3368,2.3368,3,30,0
2.54,0.762,171.84,0.2032,1.9812,185.87,13,13,-14.03,1.0668,0.7112,0.2032,1.9812,2.032,2.6416,2.6416,2,20,1
1.6764,2.032,182.05,0.2032,1.9812,179.51,13,12,2.54,1.6764,0.2032,1.6764,2.032,2.9464,3.2512,2.9464,3,30,0
0.2032,1.6002,186.27,0.2032,1.9812,168.99,13,11,17.28,2.286,2.54,0.2032,1.6002,3.0226,2.6416,3.0226,2,10,0
0.2032,1.6002,183.58,0.2032,1.9812,183.63,13,12,-0.05,1.0668,0.2032,0.2032,1.9812,2.2606,2.6416,2.6416,2,20,1
0.2032,1.6002,173.16,2.54,0.762,187.54,12,12,-14.38,0.2032,0.762,2.54,0.762,1.3462,2.9464,2.9464,1,10,1
0.4572,2.54,180.23,2.54,0.762,182.87,13,12,-2.64,0.2032,0.762,0.4572,2.54,2.032,2.9464,2.032,1,30,0
0.4572,2.54,186.68,2.54,0.762,175.24,13,11,11.44,0.2032,0.762,0.4572,2.54,2.032,2.9464,2.032,1,20,0
0.4572,2.54,179.16,0.2032,1.9812,181.89,13,12,-2.73,2.54,0.762,0.2032,1.9812,3.8608,3.556,3.556,2,10,1
0.2032,1.9812,192.92,0.2032,1.9812,175.14,13,12,17.78,2.54,0.762,0.2032,1.9812,3.556,3.556,3.556,2,20,0
0.2032,1.9812,188.14,0.2032,1.9812,187.68,13,12,0.46,1.9812,0.2032,0.2032,1.9812,3.556,3.556,3.556,2,20,1
0.4572,0.2032,187.94,0.2032,1.9812,180.77,13,12,7.17,0.2032,0.762,0.4572,0.2032,0.8128,1.7272,0.8128,1,10,0
0.4572,0.2032,183.27,1.9812,2.032,192.81,13,12,-9.54,1.9812,0.2032,1.9812,2.032,2.032,2.9464,2.9464,3,30,1
0.2032,1.6002,192.97,1.9812,2.032,185.8,14,12,7.17,2.54,1.6002,0.2032,1.6002,2.3368,1.4986,2.3368,2,20,0
0.2032,1.6002,187.53,1.6764,2.032,197.12,13,12,-9.59,0.2032,1.143,1.6764,2.032,0.9652,2.8702,2.8702,1,10,1
0.762,2.54,190.07,1.6764,2.032,189.3,13,12,0.77,0.2032,0.762,0.762,2.54,2.3368,3.2512,2.3368,1,30,0
0.762,2.54,186.47,2.54,1.6002,197.12,13,12,-10.65,0.762,2.54,2.54,1.6002,0,2.7178,2.7178,3,30,1
0.2032,1.9812,188.86,2.54,1.6002,190.06,14,12,-1.2,1.0668,2.032,0.2032,1.9812,1.4224,2.413,1.4224,2,30,0
2.54,1.9812,198.92,2.54,1.6002,184.31,14,11,14.61,0.2032,0.762,2.54,1.9812,3.556,3.175,3.556,1,30,0
2.54,1.9812,189.47,2.54,1.6002,194.48,13,12,-5.01,0.2032,1.143,2.54,1.6002,3.175,2.794,2.794,1,30,1
2.54,1.9812,186.01,0.2032,1.9812,203.67,13,12,-17.66,1.0668,0.7112,0.2032,1.9812,3.2512,2.6416,2.6416,2,20,1
0.2032,1.9812,196.79,0.2032,1.9812,198.28,14,12,-1.49,1.9812,0.7112,0.2032,1.9812,3.556,3.556,3.556,2,20,0
0.2032,1.9812,189.06,1.9812,0.2032,203.57,13,12,-14.51,1.6764,2.032,1.9812,0.2032,2.032,3.2512,3.2512,3,10,1
0.762,2.54,196.64,1.9812,0.2032,198.8,14,12,-2.16,0.4572,0.2032,0.762,2.54,2.6416,2.032,2.6416,3,30,0
0.2032,1.6002,204.26,1.9812,0.2032,192.34,14,12,11.92,0.4572,0.2032,0.2032,1.6002,1.651,2.032,1.651,2,30,0
0.2032,1.6002,196.59,1.0668,0.2032,199,14,12,-2.41,0.2032,1.143,1.0668,0.2032,0.9652,1.8034,1.8034,1,10,1
1.6764,2.032,205.93,1.0668,0.2032,193.71,14,12,12.22,0.2032,0.762,1.6764,2.032,3.2512,1.4224,3.2512,1,10,0
1.6764,2.032,198.16,0.2032,1.9812,198.39,14,12,-0.23,1.6764,2.032,0.2032,1.9812,0,2.032,2.032,2,10,1
1.6764,2.032,191.81,1.0668,2.032,208.96,13,13,-17.15,0.2032,0.762,1.0668,2.032,3.2512,2.6416,2.6416,1,20,1
1.6764,0.7112,201.67,1.0668,2.032,201.74,14,13,-0.07,0.2032,0.762,1.6764,0.7112,2.032,2.6416,2.032,1,10,0
1.9812,0.7112,209.89,1.0668,2.032,195.29,14,12,14.6,0.2032,1.143,1.9812,0.7112,2.7178,2.2606,2.7178,1,20,0
1.9812,0.7112,199.83,0.2032,1.6002,203.27,13,13,-3.44,2.54,1.9812,0.2032,1.6002,2.3368,2.7178,2.7178,2,30,1
1.9812,0.7112,195.76,1.6764,0.7112,209.47,13,13,-13.71,0.2032,1.143,1.6764,0.7112,2.7178,2.413,2.413,1,20,1
1.9812,2.54,203.49,1.6764,0.7112,202.46,13,13,1.03,0.2032,1.143,1.9812,2.54,3.175,2.413,3.175,1,30,0
1.9812,2.54,200.7,0.2032,1.9812,208.61,13,13,-7.91,1.0668,0.2032,0.2032,1.9812,3.2512,2.6416,2.6416,2,30,1
1.9812,2.032,212.48,0.2032,1.9812,202.77,14,13,9.71,0.2032,0.762,1.9812,2.032,3.556,1.7272,3.556,1,20,0
1.9812,2.032,202.88,2.286,2.54,212.94,13,14,-10.06,0.2032,0.762,2.286,2.54,3.556,3.8608,3.8608,1,30,1
1.0668,0.7112,214.17,2.286,2.54,204.66,14,13,9.51,2.286,2.54,1.0668,0.7112,3.556,0,3.556,3,20,0
1.0668,0.7112,206.54,0.2032,1.6002,212.79,13,14,-6.25,0.762,2.54,0.2032,1.6002,3.2512,1.4986,1.4986,2,10,1
1.6764,2.032,214.93,0.2032,1.6002,200.9,14,13,14.03,1.9812,0.2032,1.6764,2.032,3.2512,3.175,3.2512,3,20,0
1.6764,2.032,209.6,0.2032,1.9812,211.78,14,14,-2.18,1.6764,2.54,0.2032,1.9812,0.508,2.032,2.032,2,10,1
2.286,0.2032,219.35,0.2032,1.9812,205.02,14,14,14.33,0.2032,1.143,2.286,0.2032,3.0226,1.3462,3.0226,1,30,0
2.286,0.2032,208.68,0.2032,1.6002,211.07,13,14,-2.39,0.4572,0.2032,0.2032,1.6002,2.3368,1.651,1.651,2,20,1
0.2032,1.6002,220.01,0.2032,1.6002,204.11,14,14,15.9,2.286,0.2032,0.2032,1.6002,3.4798,3.4798,3.4798,2,30,0
0.2032,1.6002,210.66,1.6764,0.7112,212.29,13,14,-1.63,1.0668,2.54,1.6764,0.7112,1.8034,2.9464,2.9464,3,10,1
0.2032,1.9812,217.57,1.6764,0.7112,206.7,14,14,10.87,0.4572,0.2032,0.2032,1.9812,2.032,1.7272,2.032,2,20,0
0.2032,1.9812,207.97,2.54,1.9812,215.8,13,15,-7.83,0.2032,1.143,2.54,1.9812,1.3462,3.175,3.175,1,20,1
1.6764,0.2032,216.81,2.54,1.9812,209.04,14,14,7.77,0.2032,1.143,1.6764,0.2032,2.413,3.175,2.413,1,20,0
1.6764,0.2032,209.8,0.2032,1.6002,216.11,14,15,-6.31,2.54,1.143,0.2032,1.6002,1.8034,2.794,2.794,2,30,1
1.0668,2.032,217.78,0.2032,1.6002,209.04,14,14,8.74,0.2032,1.143,1.0668,2.032,2.2606,0.9652,2.2606,1,20,0
1.0668,2.032,210.87,0.2032,1.6002,215.79,14,15,-4.92,0.762,0.2032,0.2032,1.6002,3.2512,1.9558,1.9558,2,10,1
1.0668,0.2032,217.83,0.2032,1.6002,206.8,14,14,11.03,0.2032,0.762,1.0668,0.2032,1.4224,1.3462,1.4224,1,30,0
1.0668,0.2032,212.54,0.762,2.54,217.07,14,15,-4.53,0.2032,0.762,0.762,2.54,1.4224,2.3368,2.3368,1,10,1
0.2032,1.9812,215.54,0.762,2.54,205.13,14,14,10.41,0.4572,0.2032,0.2032,1.9812,2.032,2.6416,2.032,2,30,0
0.2032,1.9812,209.34,2.54,1.6002,217.22,14,15,-7.88,0.2032,1.143,2.54,1.6002,1.3462,2.794,2.794,1,30,1
0.2032,1.6002,218.59,2.54,1.6002,209.4,14,15,9.19,1.6764,0.2032,0.2032,1.6002,2.8702,2.2606,2.8702,2,10,0
0.2032,1.6002,215.18,0.2032,1.6002,218.74,14,15,-3.56,1.0668,0.7112,0.2032,1.6002,2.2606,2.2606,2.2606,2,20,1
0.2032,1.9812,222.86,0.2032,1.6002,212.29,15,15,10.57,1.9812,2.032,0.2032,1.9812,2.3368,2.7178,2.3368,2,10,0
0.2032,1.9812,215.64,1.9812,2.54,216.91,14,15,-1.27,1.0668,2.54,1.9812,2.54,1.4224,1.4224,1.4224,3,10,1
0.2032,1.6002,228.04,1.9812,2.54,210.31,15,15,17.73,1.6764,0.7112,0.2032,1.6002,2.8702,3.2512,2.8702,2,10,0
0.2032,1.6002,219.6,0.762,2.032,218.89,14,15,0.71,0.2032,1.143,0.762,2.032,0.9652,1.9558,1.9558,1,30,1
0.2032,1.6002,214.67,2.54,1.9812,229.92,14,16,-15.25,0.2032,0.762,2.54,1.9812,1.3462,3.556,3.556,1,30,1
0.2032,1.9812,220.72,2.54,1.9812,223.31,15,15,-2.59,1.6764,2.032,0.2032,1.9812,2.032,1.4224,2.032,2,10,0
0.2032,1.9812,229.47,2.54,1.9812,216.09,15,15,13.38,0.762,0.7112,0.2032,1.9812,2.3368,3.556,2.3368,2,20,0
0.2032,1.9812,225.45,2.286,0.2032,228.04,15,15,-2.59,0.2032,1.143,2.286,0.2032,1.3462,3.0226,3.0226,1,10,1
0.2032,1.9812,233.78,2.286,0.2032,221.58,15,15,12.2,2.286,0.2032,0.2032,1.9812,3.8608,0,3.8608,2,10,0
0.2032,1.9812,232.15,0.2032,1.6002,226.11,15,15,6.04,0.762,0.2032,0.2032,1.6002,2.3368,1.9558,1.9558,2,10,1
0.2032,1.9812,223.16,0.2032,1.9812,239.38,15,16,-16.22,2.286,2.54,0.2032,1.9812,2.6416,2.6416,2.6416,2,10,1
0.2032,1.6002,229.56,0.2032,1.9812,230.38,15,15,-0.82,0.4572,0.2032,0.2032,1.6002,1.651,2.032,1.651,2,30,0
0.762,0.7112,237.44,0.2032,1.9812,225.55,16,15,11.89,0.762,2.032,0.762,0.7112,2.9464,1.1176,2.9464,3,20,0
0.762,0.7112,230.83,0.2032,1.6002,232.82,15,15,-1.99,2.286,2.54,0.2032,1.6002,3.8608,3.0226,3.0226,2,10,1
1.6764,2.54,240.95,0.2032,1.6002,228.75,16,15,12.2,0.2032,1.143,1.6764,2.54,2.8702,0.9652,2.8702,1,20,0
1.6764,2.54,228.9,1.9812,2.54,233.73,15,15,-4.83,0.2032,1.143,1.9812,2.54,2.8702,3.175,3.175,1,30,1
2.54,1.6002,243.63,1.9812,2.54,230.12,16,15,13.51,0.2032,0.762,2.54,1.6002,3.175,3.556,3.175,1,30,0
2.54,1.6002,234.79,0.2032,1.9812,229.92,15,15,4.87,0.762,2.032,0.2032,1.9812,2.7178,1.1176,1.1176,2,30,1
2.54,1.6002,231.48,1.9812,2.54,243.39,15,16,-11.91,1.0668,0.2032,1.9812,2.54,2.8702,3.2512,3.2512,3,30,1
0.2032,1.6002,237.68,1.9812,2.54,236.63,15,16,1.05,1.9812,0.7112,0.2032,1.6002,3.175,2.9464,3.175,2,20,0
1.6764,0.7112,244.24,1.9812,2.54,229.26,16,15,14.98,0.2032,1.143,1.6764,0.7112,2.413,3.175,2.413,1,20,0
1.6764,0.7112,236.41,2.54,1.9812,237.55,15,16,-1.14,2.54,0.762,2.54,1.9812,1.4224,1.7272,1.7272,3,20,1
0.2032,1.6002,244.85,2.54,1.9812,228.96,16,15,15.89,1.0668,0.2032,0.2032,1.6002,2.2606,3.2512,2.2606,2,20,0
0.2032,1.6002,234.33,0.4572,2.54,238.92,15,16,-4.59,0.2032,0.762,0.4572,2.54,1.3462,2.032,2.032,1,20,1
1.9812,0.7112,242.41,0.4572,2.54,231.55,16,15,10.86,1.6764,0.7112,1.9812,0.7112,0.8128,3.556,0.8128,3,20,0
1.9812,0.7112,233.57,0.2032,1.6002,241.21,15,16,-7.64,2.286,2.54,0.2032,1.6002,2.6416,3.0226,3.0226,2,10,1
1.0668,0.7112,244.85,0.2032,1.6002,233.69,16,15,11.16,1.9812,2.54,1.0668,0.7112,3.2512,2.7178,3.2512,3,10,0
1.0668,0.7112,237.49,1.9812,2.032,245.17,15,16,-7.68,1.6764,0.2032,1.9812,2.032,1.1176,3.2512,3.2512,3,30,1
2.54,1.9812,249.13,1.9812,2.032,238.41,16,15,10.72,0.2032,1.143,2.54,1.9812,3.175,3.175,3.175,1,30,0
2.54,1.9812,237.39,0.2032,1.6002,252.33,15,16,-14.94,1.9812,0.7112,0.2032,1.6002,2.3368,3.175,3.175,2,10,1
0.2032,1.6002,246.74,0.2032,1.6002,241.81,16,15,4.93,0.4572,2.54,0.2032,1.6002,1.1938,1.1938,1.1938,2,30,0
0.2032,1.6002,239.07,0.2032,1.9812,254.31,16,16,-15.24,1.9812,2.032,0.2032,1.9812,2.7178,2.3368,2.3368,2,30,1
0.2032,1.9812,245.22,0.2032,1.9812,243.74,16,15,1.48,1.0668,2.032,0.2032,1.9812,1.4224,1.4224,1.4224,2,20,0
2.54,1.9812,253.96,0.2032,1.9812,239.12,17,15,14.84,0.2032,0.762,2.54,1.9812,3.556,1.7272,3.556,1,30,0
2.54,1.9812,245.73,0.762,0.7112,244.56,16,15,1.17,1.6764,0.2032,0.762,0.7112,2.6416,1.4224,1.4224,3,30,1
2.54,1.9812,240.9,1.9812,2.032,255.23,16,16,-14.33,0.2032,1.143,1.9812,2.032,3.175,3.175,3.175,1,10,1
1.0668,2.54,247.71,1.9812,2.032,246.39,16,16,1.32,0.2032,1.143,1.0668,2.54,2.2606,3.175,2.2606,1,30,0
1.0668,2.54,243.03,1.0668,0.7112,255.89,16,16,-12.86,0.2032,0.762,1.0668,0.7112,2.6416,1.4224,1.4224,1,10,1
2.286,2.54,249.84,1.0668,0.7112,248.22,16,16,1.62,0.2032,1.143,2.286,2.54,3.4798,1.8034,3.4798,1,30,0
2.286,2.54,245.83,2.54,1.143,257.31,16,16,-11.48,1.0668,2.032,2.54,1.143,1.7272,2.8702,2.8702,3,30,1
0.2032,1.9812,257.01,2.54,1.143,253.24,17,16,3.77,0.762,0.2032,0.2032,1.9812,2.3368,2.7178,2.3368,2,10,0
0.2032,1.9812,246.8,1.6764,2.032,262.49,16,16,-15.69,0.4572,0.2032,1.6764,2.032,2.032,3.556,3.556,3,20,1
0.2032,1.6002,260.97,1.6764,2.032,256.44,17,16,4.53,1.6764,0.7112,0.2032,1.6002,2.8702,2.9464,2.8702,2,30,0
0.2032,1.6002,251.67,0.2032,1.9812,260.36,16,17,-8.69,0.4572,2.54,0.2032,1.9812,1.1938,0.8128,0.8128,2,30,1
0.762,2.54,260.51,0.2032,1.9812,253.29,17,16,7.22,0.2032,1.143,0.762,2.54,1.9558,1.3462,1.9558,1,10,0
0.762,2.54,252.13,0.2032,1.6002,267.52,17,17,-15.39,2.286,0.2032,0.2032,1.6002,3.8608,3.4798,3.4798,2,20,1
0.2032,1.9812,262.19,0.2032,1.6002,259.59,17,16,2.6,0.762,0.7112,0.2032,1.9812,2.3368,1.9558,2.3368,2,10,0
0.2032,1.9812,254.57,0.2032,1.6002,271.94,17,17,-17.37,2.54,0.762,0.2032,1.6002,3.556,3.175,3.175,2,20,1
1.6764,2.032,263.92,0.2032,1.6002,264.01,17,16,-0.09,0.2032,0.762,1.6764,2.032,3.2512,1.3462,3.2512,1,10,0
0.2032,1.9812,271.44,0.2032,1.6002,260.56,18,16,10.88,2.54,1.6002,0.2032,1.9812,2.7178,2.3368,2.7178,2,10,0
0.2032,1.9812,262.6,0.2032,1.6002,268.23,17,16,-5.63,2.54,1.143,0.2032,1.6002,3.175,2.794,2.794,2,30,1
0.2032,1.9812,278.91,0.2032,1.6002,260.09,18,16,18.82,2.54,0.762,0.2032,1.9812,3.556,3.175,3.556,2,20,0
0.2032,1.9812,271.9,2.286,2.54,268.12,18,16,3.78,0.2032,0.762,2.286,2.54,1.7272,3.8608,3.8608,1,10,1
0.2032,1.9812,264.63,0.2032,1.6002,281.07,17,17,-16.44,2.286,0.2032,0.2032,1.6002,3.8608,3.4798,3.4798,2,10,1
0.2032,1.6002,272.04,0.2032,1.6002,271.62,17,16,0.42,1.6764,0.7112,0.2032,1.6002,2.8702,2.8702,2.8702,2,30,0
0.2032,1.6002,269.8,0.2032,1.6002,284.47,17,17,-14.67,1.9812,2.54,0.2032,1.6002,2.7178,2.7178,2.7178,2,10,1
0.2032,1.6002,273.1,0.2032,1.6002,277.1,17,17,-4,0.762,0.2032,0.2032,1.6002,1.9558,1.9558,1.9558,2,30,0
2.54,1.6002,281.79,0.2032,1.6002,268.97,18,16,12.82,0.762,2.54,2.54,1.6002,2.7178,1.4986,2.7178,3,30,0
2.54,1.6002,274.16,0.2032,1.9812,280.76,17,17,-6.6,1.6764,0.7112,0.2032,1.9812,2.2606,3.2512,3.2512,2,30,1
0.2032,1.6002,284.52,0.2032,1.9812,272.83,18,16,11.69,1.0668,0.2032,0.2032,1.6002,2.2606,2.6416,2.2606,2,10,0
0.2032,1.6002,277.51,0.2032,1.6002,285.33,18,17,-7.82,1.6764,0.2032,0.2032,1.6002,2.8702,2.8702,2.8702,2,10,1
1.0668,2.032,282.13,0.2032,1.6002,277.56,18,17,4.57,0.2032,1.143,1.0668,2.032,2.2606,0.9652,2.2606,1,20,0
1.0668,2.032,276.44,1.9812,2.032,284.62,18,17,-8.18,0.2032,1.143,1.9812,2.032,2.2606,3.175,3.175,1,30,1
0.2032,1.9812,285.69,1.9812,2.032,277.71,18,17,7.98,0.762,0.7112,0.2032,1.9812,2.3368,3.556,2.3368,2,20,0
0.2032,1.9812,280.41,2.54,1.9812,278.12,18,17,2.29,1.9812,2.54,2.54,1.9812,2.3368,1.1176,1.1176,3,20,1
2.54,0.762,287.37,2.54,1.9812,273.19,18,17,14.18,0.2032,0.762,2.54,0.762,2.9464,3.556,2.9464,1,30,0
2.54,0.762,279.65,1.0668,2.032,283.92,18,18,-4.27,0.2032,0.762,1.0668,2.032,2.9464,2.6416,2.6416,1,10,1
2.54,0.762,289.6,1.0668,2.032,278.22,18,17,11.38,0.2032,1.143,2.54,0.762,2.7178,2.2606,2.7178,1,10,0
2.54,0.762,283.15,0.2032,1.6002,288.64,18,18,-5.49,1.9812,0.7112,0.2032,1.6002,1.1176,3.175,3.175,2,10,1
0.2032,1.9812,290.57,0.2032,1.6002,282.18,18,17,8.39,1.9812,2.032,0.2032,1.9812,2.3368,2.7178,2.3368,2,30,0
0.2032,1.9812,284.22,2.286,0.2032,290.47,18,18,-6.25,0.2032,0.762,2.286,0.2032,1.7272,2.6416,2.6416,1,20,1
1.6764,0.7112,287.22,2.286,0.2032,281.42,18,17,5.8,0.2032,0.762,1.6764,0.7112,2.032,2.6416,2.032,1,10,0
1.6764,0.7112,284.12,1.6764,0.7112,290.77,18,18,-6.65,0.2032,0.762,1.6764,0.7112,2.032,2.032,2.032,1,30,1
0.2032,1.9812,291.19,1.6764,0.7112,281.93,19,17,9.26,0.762,2.032,0.2032,1.9812,1.1176,3.2512,1.1176,2,30,0
0.2032,1.9812,283.97,0.2032,1.9812,290.78,18,18,-6.81,1.0668,2.54,0.2032,1.9812,1.4224,1.4224,1.4224,2,30,1
0.2032,1.6002,296.21,0.2032,1.9812,284.38,19,18,11.83,1.9812,0.7112,0.2032,1.6002,3.175,3.556,3.175,2,10,0
0.2032,1.6002,289.05,0.2032,1.6002,294.94,19,18,-5.89,1.6764,0.7112,0.2032,1.6002,2.8702,2.8702,2.8702,2,10,1
0.2032,1.9812,299.47,0.2032,1.6002,291.23,19,18,8.24,2.54,1.6002,0.2032,1.9812,2.7178,2.3368,2.7178,2,10,0
0.2032,1.9812,291.64,0.2032,1.6002,291.94,19,18,-0.3,0.762,0.7112,0.2032,1.6002,2.3368,1.9558,1.9558,2,10,1
0.2032,1.9812,301.2,0.2032,1.6002,288.49,19,18,12.71,2.54,1.9812,0.2032,1.9812,2.9464,2.7178,2.9464,2,10,0
0.2032,1.9812,295.76,1.0668,0.2032,292.4,19,18,3.36,0.2032,1.143,1.0668,0.2032,1.3462,1.8034,1.8034,1,30,1
0.2032,1.9812,287.63,1.0668,0.7112,297.89,18,19,-10.26,0.2032,1.143,1.0668,0.7112,1.3462,1.8034,1.8034,1,20,1
0.4572,2.54,295.45,1.0668,0.7112,292.1,19,19,3.35,0.2032,1.143,0.4572,2.54,1.651,1.8034,1.651,1,30,0
0.4572,2.54,284.78,2.54,1.143,298.7,18,19,-13.92,0.2032,0.762,2.54,1.143,2.032,2.7178,2.7178,1,10,1
0.762,0.2032,297.28,2.54,1.143,292.86,19,19,4.42,1.6764,2.032,0.762,0.2032,3.2512,2.2606,3.2512,3,30,0