R1_next_x,R1_next_y,R1_tuf,R2_next_x,R2_next_y,R2_tuf,R1_queue_length,R2_queue_length,tuf_difference,Task_PL_x,Task_PL_y,Task_DL_x,Task_DL_y,R1_dist_to_pickup,R2_dist_to_pickup,task_dist_to_dropoff,task_type,Deadline,winner
1.9812,2.54,14.13,1.3716,2.54,0.0,1,0,14.13,1.6764,0.7112,1.9812,2.54,3.2512,2.6416,3.2512,3,30,0
1.9812,2.54,7.01,0.4572,0.2032,13.52,1,1,-6.51,1.0668,2.54,0.4572,0.2032,1.4224,2.9464,2.9464,3,30,1
0.2032,1.6002,11.44,0.4572,0.2032,6.56,1,1,4.88,1.9812,2.54,0.2032,1.6002,2.7178,3.8608,2.7178,2,10,0
0.2032,1.6002,5.34,0.2032,1.6002,11.54,1,1,-6.2,0.762,0.7112,0.2032,1.6002,1.9558,1.9558,1.9558,2,10,1
2.54,0.762,13.37,0.2032,1.6002,4.42,1,1,8.95,0.2032,1.143,2.54,0.762,2.7178,0.9652,2.7178,1,10,0
2.54,0.762,7.93,0.762,2.032,11.84,1,1,-3.91,0.2032,1.143,0.762,2.032,2.7178,1.9558,1.9558,1,20,1
0.2032,1.9812,15.35,0.762,2.032,9.91,1,1,5.44,1.9812,0.7112,0.2032,1.9812,3.556,3.556,3.556,2,10,0
0.2032,1.9812,8.99,2.54,1.6002,15.5,1,1,-6.51,0.2032,1.143,2.54,1.6002,1.3462,2.794,2.794,1,10,1
2.54,1.6002,14.28,2.54,1.6002,8.08,1,1,6.2,0.2032,1.143,2.54,1.6002,2.794,2.794,2.794,1,20,0
2.54,1.6002,11.59,1.0668,0.7112,15.19,1,1,-3.6,0.2032,1.143,1.0668,0.7112,2.794,1.8034,1.8034,1,20,1
0.2032,1.6002,16.26,1.0668,0.7112,9.61,1,1,6.65,1.6764,0.2032,0.2032,1.6002,2.8702,1.1176,2.8702,2,30,0
0.2032,1.6002,11.74,0.4572,0.2032,21.44,1,1,-9.7,2.286,2.54,0.4572,0.2032,3.0226,4.1656,4.1656,3,30,1
2.54,1.143,14.13,0.4572,0.2032,14.33,1,1,-0.2,0.2032,0.762,2.54,1.143,2.7178,0.8128,2.7178,1,30,0
2.54,1.143,7.93,1.6764,2.032,20.84,1,2,-12.91,0.2032,1.143,1.6764,2.032,2.3368,2.8702,2.8702,1,10,1
1.6764,2.54,17.94,1.6764,2.032,13.01,1,1,4.93,0.2032,0.762,1.6764,2.54,3.2512,3.2512,3.2512,1,20,0
1.6764,2.54,12.5,2.54,1.6002,22.82,1,2,-10.32,0.2032,1.143,2.54,1.6002,2.8702,2.794,2.794,1,20,1
2.286,0.2032,21.91,2.54,1.6002,16.21,2,1,5.7,0.2032,0.762,2.286,0.2032,2.6416,3.175,2.6416,1,30,0
2.286,0.2032,14.38,0.762,2.032,24.19,1,2,-9.81,0.2032,0.762,0.762,2.032,2.6416,2.3368,2.3368,1,10,1
2.54,1.9812,24.35,0.762,2.032,17.02,2,1,7.33,0.2032,1.143,2.54,1.9812,3.175,1.9558,3.175,1,20,0
2.54,1.9812,17.28,0.762,2.032,24.49,1,2,-7.21,0.2032,1.143,0.762,2.032,3.175,1.9558,1.9558,1,10,1
2.54,1.9812,12.35,1.6764,0.7112,28.56,1,2,-16.21,0.2032,1.143,1.6764,0.7112,3.175,2.413,2.413,1,30,1
0.4572,2.54,15.65,1.6764,0.7112,24.65,1,2,-9.0,0.2032,1.143,0.4572,2.54,1.651,2.413,1.651,1,20,0
2.54,1.143,25.62,1.6764,0.7112,14.74,2,1,10.88,1.6764,2.032,2.54,1.143,2.2606,2.9464,2.2606,3,10,0
1.0668,2.54,25.72,1.6764,0.7112,10.83,2,1,14.89,2.54,1.143,1.0668,2.54,2.8702,1.8034,2.8702,3,20,0
1.0668,2.54,22.26,0.2032,1.6002,15.19,2,1,7.07,2.54,0.762,0.2032,1.6002,3.2512,3.175,3.175,2,20,1
1.0668,2.54,11.74,1.9812,0.7112,25.72,1,2,-13.98,0.2032,0.762,1.9812,0.7112,2.6416,2.3368,2.3368,1,10,1
2.54,1.143,24.04,1.9812,0.7112,13.37,2,1,10.67,0.2032,0.762,2.54,1.143,2.7178,2.3368,2.7178,1,30,0
2.54,1.143,16.72,0.2032,1.6002,26.78,1,2,-10.06,2.54,1.9812,0.2032,1.6002,1.3462,2.7178,2.7178,2,30,1
0.2032,1.9812,26.03,0.2032,1.6002,16.11,2,1,9.92,0.762,2.54,0.2032,1.9812,1.1176,1.4986,1.1176,2,10,0
0.2032,1.9812,14.59,1.6764,0.2032,26.63,1,2,-12.04,2.54,1.6002,1.6764,0.2032,2.7178,2.2606,2.2606,3,10,1
0.2032,1.6002,26.68,1.6764,0.2032,15.19,2,1,11.49,2.286,2.54,0.2032,1.6002,3.0226,2.9464,3.0226,2,10,0
0.2032,1.6002,17.33,2.54,0.762,31.35,1,2,-14.02,0.4572,2.54,2.54,0.762,1.1938,3.8608,3.8608,3,20,1
0.4572,0.2032,22.37,2.54,0.762,23.83,2,2,-1.46,0.2032,1.143,0.4572,0.2032,1.1938,2.7178,1.1938,1,30,0
1.0668,0.7112,27.65,2.54,0.762,17.43,3,1,10.22,0.2032,1.143,1.0668,0.7112,1.8034,2.7178,1.8034,1,10,0
1.0668,0.7112,20.38,1.9812,0.7112,26.78,2,2,-6.4,0.2032,0.762,1.9812,0.7112,1.4224,2.3368,2.3368,1,10,1
1.9812,0.7112,21.85,1.9812,0.7112,16.57,2,1,5.28,1.6764,0.7112,1.9812,0.7112,0.8128,0.8128,0.8128,3,10,0
1.9812,0.7112,19.47,1.9812,0.2032,29.88,2,2,-10.41,0.2032,1.143,1.9812,0.2032,2.7178,2.7178,2.7178,1,20,1
0.2032,1.9812,23.48,1.9812,0.2032,22.21,2,2,1.27,1.9812,0.2032,0.2032,1.9812,3.556,0.0,3.556,2,30,0
1.0668,0.2032,26.43,1.9812,0.2032,15.14,2,1,11.29,0.2032,0.762,1.0668,0.2032,1.4224,2.3368,1.4224,1,10,0
1.0668,0.2032,20.68,1.9812,0.7112,24.8,2,2,-4.12,0.2032,1.143,1.9812,0.7112,1.8034,2.7178,2.7178,1,20,1
1.6764,2.032,27.65,1.9812,0.7112,16.36,2,1,11.29,0.2032,1.143,1.6764,2.032,2.8702,2.7178,2.8702,1,10,0
1.6764,2.032,20.69,2.54,0.762,28.31,2,2,-7.62,0.2032,1.143,2.54,0.762,2.8702,2.7178,2.7178,1,20,1
0.2032,1.9812,25.31,2.54,0.762,16.87,2,1,8.44,0.762,2.032,0.2032,1.9812,1.1176,3.556,1.1176,2,20,0
0.2032,1.9812,18.4,0.762,2.54,28.01,2,2,-9.61,0.2032,0.762,0.762,2.54,1.7272,2.3368,2.3368,1,20,1
1.0668,2.032,25.31,0.762,2.54,20.84,2,2,4.47,0.2032,0.762,1.0668,2.032,2.6416,2.3368,2.6416,1,10,0
1.0668,2.032,14.74,2.54,1.9812,29.27,1,2,-14.53,0.2032,1.143,2.54,1.9812,2.2606,3.175,3.175,1,10,1
1.9812,2.54,28.15,2.54,1.9812,21.75,2,2,6.4,0.2032,1.143,1.9812,2.54,3.175,3.175,3.175,1,10,0
1.9812,2.54,16.87,0.2032,1.6002,28.2,1,2,-11.33,1.6764,2.54,0.2032,1.6002,0.8128,2.413,2.413,2,20,1
0.762,0.2032,26.48,0.2032,1.6002,21.6,2,2,4.88,1.9812,2.032,0.762,0.2032,3.556,2.7178,3.556,3,30,0
0.762,0.2032,18.25,0.2032,1.6002,31.25,2,2,-13.0,2.54,0.762,0.2032,1.6002,2.3368,3.175,3.175,2,10,1
0.2032,1.6002,28.91,0.2032,1.6002,24.04,2,2,4.87,1.9812,0.2032,0.2032,1.6002,3.175,3.175,3.175,2,30,0
0.2032,1.6002,18.8,0.4572,0.2032,30.04,2,2,-11.24,1.0668,0.2032,0.4572,0.2032,2.2606,1.1176,1.1176,3,10,1
0.2032,1.6002,24.95,0.4572,0.2032,21.6,2,2,3.35,0.4572,0.2032,0.2032,1.6002,1.651,0.0,1.651,2,30,0
0.2032,1.6002,17.94,2.286,2.54,28.11,2,2,-10.17,0.2032,0.762,2.286,2.54,1.3462,3.8608,3.8608,1,30,1
2.286,2.54,25.71,2.286,2.54,23.59,2,2,2.12,0.2032,0.762,2.286,2.54,3.8608,3.8608,3.8608,1,20,0
2.286,2.54,16.41,0.762,0.7112,30.8,1,2,-14.39,0.2032,0.762,0.762,0.7112,3.8608,1.1176,1.1176,1,20,1
0.762,0.2032,27.44,0.762,0.7112,24.5,2,2,2.94,2.286,2.54,0.762,0.2032,3.8608,3.8608,3.8608,3,10,0
0.762,0.2032,16.72,1.0668,0.7112,28.05,2,2,-11.33,0.2032,1.143,1.0668,0.7112,1.4986,1.8034,1.8034,1,20,1
1.9812,2.54,24.95,1.0668,0.7112,20.84,2,2,4.11,2.54,1.6002,1.9812,2.54,1.4986,2.8702,1.4986,3,30,0
1.9812,2.54,15.35,1.0668,0.7112,23.07,1,2,-7.72,1.6764,0.7112,1.0668,0.7112,3.2512,1.1176,1.1176,3,10,1
2.286,2.54,30.64,1.0668,0.7112,16.57,2,2,14.07,0.2032,1.143,2.286,2.54,3.4798,1.8034,3.4798,1,20,0
2.286,2.54,19.31,0.2032,1.6002,20.89,1,2,-1.58,0.762,0.7112,0.2032,1.6002,3.8608,1.9558,1.9558,2,30,1
2.286,2.54,15.3,0.2032,1.9812,31.0,1,2,-15.7,2.54,0.762,0.2032,1.9812,2.032,3.556,3.556,2,20,1
1.6764,0.2032,22.67,0.2032,1.9812,29.37,2,2,-6.7,1.6764,2.032,1.6764,0.2032,2.9464,2.032,2.9464,3,30,0
2.54,1.143,30.54,0.2032,1.9812,18.95,2,1,11.59,1.6764,2.032,2.54,1.143,2.2606,2.032,2.2606,3,30,0
2.54,1.143,24.19,1.9812,2.032,27.54,2,2,-3.35,2.54,1.6002,1.9812,2.032,0.9652,1.4986,1.4986,3,30,1
2.54,0.762,33.74,1.9812,2.032,18.7,2,2,15.04,0.2032,0.762,2.54,0.762,2.9464,3.556,2.9464,1,10,0
2.54,0.762,27.85,0.2032,1.9812,23.02,2,2,4.83,1.6764,2.032,0.2032,1.9812,2.6416,2.032,2.032,2,10,1
2.54,0.762,17.33,0.762,2.032,27.8,1,3,-10.47,0.2032,1.143,0.762,2.032,2.7178,1.9558,1.9558,1,30,1
2.54,1.6002,25.26,0.762,2.032,22.66,2,2,2.6,1.6764,0.2032,2.54,1.6002,2.2606,3.2512,2.2606,3,10,0
2.54,1.6002,18.1,2.54,1.6002,30.84,2,2,-12.74,0.4572,0.2032,2.54,1.6002,3.4798,3.4798,3.4798,3,20,1
0.2032,1.6002,24.95,2.54,1.6002,24.64,2,2,0.31,2.286,2.54,0.2032,1.6002,3.0226,1.1938,3.0226,2,30,0
1.6764,0.2032,27.19,2.54,1.6002,17.13,2,1,10.06,0.2032,1.143,1.6764,0.2032,2.413,2.794,2.413,1,30,0
1.6764,0.2032,24.81,2.54,1.6002,28.15,2,2,-3.34,0.2032,0.762,2.54,1.6002,2.032,3.175,3.175,1,30,1
0.4572,2.54,26.89,2.54,1.6002,18.7,2,1,8.19,1.0668,0.7112,0.4572,2.54,2.9464,2.8702,2.9464,3,30,0
0.4572,2.54,24.96,1.6764,0.2032,24.14,2,2,0.82,2.54,1.6002,1.6764,0.2032,3.0226,2.2606,2.2606,3,10,1
0.4572,2.54,14.13,0.2032,1.6002,32.88,1,3,-18.75,2.286,0.2032,0.2032,1.6002,4.1656,3.4798,3.4798,2,10,1
0.2032,1.9812,27.85,0.2032,1.6002,25.71,2,2,2.14,0.762,0.2032,0.2032,1.9812,2.3368,1.9558,2.3368,2,20,0
0.762,2.032,30.09,0.2032,1.6002,18.7,2,2,11.39,0.2032,0.762,0.762,2.032,2.3368,1.3462,2.3368,1,20,0
0.762,2.032,24.8,0.2032,1.9812,33.64,2,2,-8.84,2.286,0.2032,0.2032,1.9812,3.8608,3.8608,3.8608,2,10,1
0.2032,1.9812,30.04,0.2032,1.9812,26.02,3,2,4.02,1.6764,2.54,0.2032,1.9812,2.032,2.032,2.032,2,30,0
0.2032,1.9812,23.58,0.762,2.032,31.86,2,2,-8.28,0.2032,1.143,0.762,2.032,1.3462,1.9558,1.9558,1,30,1
2.286,2.54,28.72,0.762,2.032,26.32,3,2,2.4,1.0668,2.032,2.286,2.54,1.7272,0.8128,1.7272,3,30,0
2.286,2.54,22.36,1.9812,0.2032,27.95,2,2,-5.59,0.2032,0.762,1.9812,0.2032,3.8608,2.3368,2.3368,1,10,1
1.9812,0.2032,30.7,1.9812,0.2032,25.26,2,2,5.44,0.2032,1.143,1.9812,0.2032,2.7178,2.7178,2.7178,1,10,0
1.9812,0.2032,27.85,0.4572,2.54,31.31,2,2,-3.46,2.286,0.2032,0.4572,2.54,0.8128,4.1656,4.1656,3,10,1
0.4572,0.2032,30.19,0.4572,2.54,26.63,2,2,3.56,0.2032,0.762,0.4572,0.2032,0.8128,2.032,0.8128,1,20,0
0.4572,0.2032,23.74,0.2032,1.9812,35.27,2,2,-11.53,2.54,1.143,0.2032,1.9812,3.0226,3.175,3.175,2,30,1
0.2032,1.9812,34.21,0.2032,1.9812,33.64,3,2,0.57,2.54,1.6002,0.2032,1.9812,2.7178,2.7178,2.7178,2,10,0
0.2032,1.9812,26.03,0.2032,1.6002,33.9,2,2,-7.87,0.762,0.2032,0.2032,1.6002,2.3368,1.9558,1.9558,2,20,1
1.0668,0.7112,30.7,0.2032,1.6002,31.11,2,2,-0.41,0.2032,1.143,1.0668,0.7112,1.8034,0.9652,1.8034,1,10,0
1.0668,0.7112,23.74,0.2032,1.6002,33.3,2,3,-9.56,0.4572,2.54,0.2032,1.6002,2.9464,1.1938,1.1938,2,30,1
0.4572,0.2032,25.82,0.2032,1.6002,25.37,3,2,0.45,0.762,0.7112,0.4572,0.2032,0.8128,1.9558,0.8128,3,20,0
2.54,1.143,31.92,0.2032,1.6002,20.69,3,2,11.23,0.2032,1.143,2.54,1.143,2.3368,0.9652,2.3368,1,30,0
2.54,1.143,22.31,0.2032,1.9812,30.24,2,2,-7.93,1.9812,0.7112,0.2032,1.9812,1.4986,3.556,3.556,2,30,1
1.9812,2.54,28.11,0.2032,1.9812,23.73,3,2,4.38,2.54,1.6002,1.9812,2.54,1.4986,2.7178,1.4986,3,30,0
1.9812,2.54,21.6,0.2032,1.9812,36.43,2,2,-14.83,1.9812,0.7112,0.2032,1.9812,2.9464,3.556,3.556,2,20,1
1.9812,0.2032,28.72,0.2032,1.9812,28.6,2,2,0.12,0.2032,0.762,1.9812,0.2032,2.3368,1.7272,2.3368,1,10,0
1.9812,0.2032,22.52,2.54,1.6002,36.02,2,2,-13.5,0.2032,0.762,2.54,1.6002,2.3368,3.175,3.175,1,30,1
0.2032,1.6002,29.43,2.54,1.6002,28.91,2,2,0.52,0.762,0.2032,0.2032,1.6002,1.9558,3.175,1.9558,2,20,0
0.2032,1.6002,24.04,0.2032,1.6002,38.16,2,3,-14.12,1.6764,0.7112,0.2032,1.6002,2.8702,2.8702,2.8702,2,10,1
0.4572,0.2032,23.69,0.2032,1.6002,30.79,2,2,-7.1,0.2032,1.143,0.4572,0.2032,1.1938,0.9652,1.1938,1,30,0
0.2032,1.9812,32.07,0.2032,1.6002,23.43,3,2,8.64,1.6764,0.2032,0.2032,1.9812,3.2512,2.8702,3.2512,2,10,0
0.2032,1.9812,25.77,0.2032,1.9812,30.64,2,2,-4.87,1.6764,2.032,0.2032,1.9812,2.032,2.032,2.032,2,10,1
1.6764,0.7112,29.48,0.2032,1.9812,26.63,2,2,2.85,0.2032,0.762,1.6764,0.7112,2.032,1.7272,2.032,1,10,0
1.6764,0.7112,26.02,2.54,0.762,30.24,2,2,-4.22,0.2032,0.762,2.54,0.762,2.032,2.9464,2.9464,1,10,1
0.2032,1.9812,31.31,2.54,0.762,25.41,3,2,5.9,1.0668,0.2032,0.2032,1.9812,2.6416,2.032,2.6416,2,20,0
0.2032,1.9812,23.58,0.2032,1.6002,29.94,2,2,-6.36,1.0668,0.2032,0.2032,1.6002,2.6416,2.2606,2.2606,2,30,1
2.54,1.9812,30.09,0.2032,1.6002,26.48,2,2,3.61,0.2032,0.762,2.54,1.9812,3.556,1.3462,3.556,1,30,0
2.54,1.9812,27.85,0.2032,1.9812,25.82,2,2,2.03,0.762,2.54,0.2032,1.9812,2.3368,1.1176,1.1176,2,30,1
1.6764,2.54,27.95,0.2032,1.9812,21.75,2,2,6.2,2.54,1.6002,1.6764,2.54,1.8034,2.7178,1.8034,3,20,0
1.6764,2.54,24.49,1.6764,0.7112,27.19,2,2,-2.7,2.54,0.762,1.6764,0.7112,2.6416,1.4224,1.4224,3,20,1
1.6764,0.7112,28.51,1.6764,0.7112,24.2,3,2,4.31,1.0668,0.7112,1.6764,0.7112,1.1176,1.1176,1.1176,3,30,0
1.6764,0.7112,23.74,0.2032,1.9812,29.43,2,2,-5.69,0.762,2.54,0.2032,1.9812,3.2512,1.1176,1.1176,2,10,1
0.2032,1.9812,28.36,0.2032,1.9812,23.58,2,2,4.78,1.0668,2.032,0.2032,1.9812,1.4224,1.4224,1.4224,2,30,0
0.2032,1.9812,22.98,0.2032,1.6002,34.2,2,2,-11.22,1.9812,0.2032,0.2032,1.6002,3.556,3.175,3.175,2,10,1
1.0668,0.2032,26.53,0.2032,1.6002,27.7,2,2,-1.17,0.2032,0.762,1.0668,0.2032,1.4224,1.3462,1.4224,1,20,0
1.0668,0.2032,21.14,0.762,0.7112,30.39,2,2,-9.25,0.4572,0.2032,0.762,0.7112,1.1176,0.8128,0.8128,3,20,1
0.2032,1.6002,22.31,0.762,0.7112,23.28,2,2,-0.97,1.0668,0.2032,0.2032,1.6002,2.2606,0.8128,2.2606,2,20,0
1.0668,2.54,28.62,0.762,0.7112,16.27,3,2,12.35,0.2032,0.762,1.0668,2.54,2.6416,1.1176,2.6416,1,10,0
1.0668,2.54,24.5,1.6764,0.2032,22.56,2,2,1.94,0.2032,1.143,1.6764,0.2032,2.2606,2.413,2.413,1,20,1
1.0668,2.54,13.98,0.2032,1.6002,27.8,1,2,-13.82,1.9812,0.2032,0.2032,1.6002,3.2512,3.175,3.175,2,20,1
0.2032,1.9812,27.54,0.2032,1.6002,24.81,2,2,2.73,2.54,1.6002,0.2032,1.9812,2.7178,2.3368,2.7178,2,20,0
0.2032,1.9812,16.26,1.0668,2.032,29.48,1,2,-13.22,2.54,1.6002,1.0668,2.032,2.7178,2.413,2.413,3,20,1
0.762,0.2032,23.13,1.0668,2.032,21.75,2,2,1.38,0.2032,0.762,0.762,0.2032,1.1176,2.6416,1.1176,1,30,0
0.762,0.2032,11.69,0.2032,1.9812,27.29,1,2,-15.6,1.6764,2.032,0.2032,1.9812,3.2512,2.032,2.032,2,20,1
0.2032,1.9812,26.03,0.2032,1.9812,23.13,2,2,2.9,1.9812,2.54,0.2032,1.9812,2.3368,2.3368,2.3368,2,10,0
0.2032,1.9812,17.28,0.2032,1.6002,28.41,1,2,-11.13,2.54,1.6002,0.2032,1.6002,2.7178,2.3368,2.3368,2,30,1
0.2032,1.6002,25.56,0.2032,1.6002,22.06,2,2,3.5,1.6764,2.54,0.2032,1.6002,2.413,2.413,2.413,2,30,0
0.2032,1.6002,14.89,0.762,2.54,26.07,1,2,-11.18,1.0668,2.54,0.762,2.54,1.8034,0.8128,0.8128,3,30,1
0.2032,1.9812,26.94,0.762,2.54,18.4,2,2,8.54,1.9812,2.54,0.2032,1.9812,2.3368,1.7272,2.3368,2,10,0
0.2032,1.9812,16.11,1.0668,0.2032,24.7,1,2,-8.59,1.6764,0.7112,1.0668,0.2032,3.2512,1.1176,1.1176,3,10,1
0.2032,1.9812,27.24,1.0668,0.2032,17.74,2,2,9.5,2.286,2.54,0.2032,1.9812,2.6416,3.556,2.6416,2,20,0
0.2032,1.9812,20.08,0.2032,1.6002,30.8,2,2,-10.72,2.286,2.54,0.2032,1.6002,2.6416,3.0226,3.0226,2,20,1
0.2032,1.6002,27.6,0.2032,1.6002,23.89,2,2,3.71,0.762,0.2032,0.2032,1.6002,1.9558,1.9558,1.9558,2,30,0
0.2032,1.6002,20.54,2.54,1.143,32.02,2,2,-11.48,1.0668,0.2032,2.54,1.143,2.2606,2.413,2.413,3,10,1
0.2032,1.9812,32.78,2.54,1.143,27.4,2,2,5.38,2.54,0.762,0.2032,1.9812,3.556,0.889,3.556,2,10,0
0.2032,1.9812,25.86,0.2032,1.9812,27.7,2,2,-1.84,2.54,1.143,0.2032,1.9812,3.175,3.175,3.175,2,30,1
1.6764,2.032,33.38,0.2032,1.9812,23.18,2,2,10.2,0.2032,1.143,1.6764,2.032,2.8702,1.3462,2.8702,1,30,0
1.6764,2.032,27.54,0.2032,1.6002,33.8,2,3,-6.26,1.9812,2.54,0.2032,1.6002,0.8128,2.7178,2.7178,2,20,1
1.0668,0.2032,35.88,0.2032,1.6002,28.46,3,2,7.42,0.2032,0.762,1.0668,0.2032,1.4224,1.3462,1.4224,1,20,0
1.0668,0.2032,27.09,1.0668,0.2032,27.65,2,2,-0.56,0.2032,0.762,1.0668,0.2032,1.4224,1.4224,1.4224,1,10,1
0.2032,1.9812,36.8,1.0668,0.2032,22.98,3,2,13.82,1.6764,2.54,0.2032,1.9812,2.032,2.9464,2.032,2,30,0
0.2032,1.9812,28.82,2.286,0.2032,29.18,2,3,-0.36,0.2032,0.762,2.286,0.2032,1.7272,2.6416,2.6416,1,20,1
0.762,2.54,29.94,2.286,0.2032,22.97,3,2,6.97,0.4572,2.54,0.762,2.54,0.8128,4.1656,0.8128,3,10,0
0.762,2.54,24.09,2.54,1.6002,31.76,2,2,-7.67,0.2032,0.762,2.54,1.6002,2.3368,3.175,3.175,1,10,1
1.6764,0.2032,30.55,2.54,1.6002,24.19,3,2,6.36,0.2032,0.762,1.6764,0.2032,2.032,3.175,2.032,1,20,0
1.6764,0.2032,23.48,0.2032,1.6002,31.15,2,2,-7.67,2.54,1.143,0.2032,1.6002,1.8034,2.794,2.794,2,10,1
0.2032,1.6002,31.46,0.2032,1.6002,25.87,2,2,5.59,1.6764,2.54,0.2032,1.6002,2.413,2.413,2.413,2,20,0
0.2032,1.6002,26.78,2.286,2.54,29.93,2,2,-3.15,0.2032,0.762,2.286,2.54,1.3462,3.8608,3.8608,1,10,1
0.762,2.032,28.56,2.286,2.54,28.0,2,2,0.56,0.2032,1.143,0.762,2.032,1.9558,3.4798,1.9558,1,20,0
0.762,2.032,22.67,0.2032,1.6002,29.47,2,2,-6.8,1.6764,2.54,0.2032,1.6002,1.4224,2.413,2.413,2,20,1
1.9812,0.7112,27.19,0.2032,1.6002,23.27,2,2,3.92,2.286,2.54,1.9812,0.7112,2.6416,3.0226,2.6416,3,30,0
1.9812,0.7112,25.26,0.2032,1.9812,30.39,2,2,-5.13,2.54,1.9812,0.2032,1.9812,2.3368,2.9464,2.9464,2,10,1
0.2032,1.6002,30.95,0.2032,1.9812,28.16,2,2,2.79,0.4572,2.54,0.2032,1.6002,1.1938,0.8128,1.1938,2,20,0
0.2032,1.6002,22.51,2.54,1.6002,32.62,2,2,-10.11,0.2032,0.762,2.54,1.6002,1.3462,3.175,3.175,1,30,1
2.54,1.9812,30.79,2.54,1.6002,27.69,2,2,3.1,0.2032,0.762,2.54,1.9812,3.556,3.175,3.556,1,20,0
2.54,1.9812,24.19,0.2032,1.9812,32.82,2,2,-8.63,0.762,0.2032,0.2032,1.9812,3.556,2.3368,2.3368,2,20,1
0.2032,1.6002,29.47,0.2032,1.9812,29.37,2,2,0.1,1.9812,2.54,0.2032,1.6002,2.7178,2.3368,2.7178,2,10,0
0.2032,1.6002,26.78,2.54,1.9812,38.93,2,3,-12.15,0.2032,0.762,2.54,1.9812,1.3462,3.556,3.556,1,10,1
0.2032,1.6002,35.37,2.54,1.9812,32.17,3,2,3.2,1.9812,0.2032,0.2032,1.6002,3.175,2.3368,3.175,2,20,0
0.2032,1.6002,30.14,0.2032,1.9812,41.53,2,3,-11.39,1.9812,0.7112,0.2032,1.9812,3.175,3.556,3.556,2,30,1
2.286,2.54,35.11,0.2032,1.9812,33.85,2,2,1.26,0.2032,0.762,2.286,2.54,3.8608,1.7272,3.8608,1,20,0
2.286,2.54,29.88,1.9812,0.2032,40.76,2,3,-10.88,0.2032,1.143,1.9812,0.2032,3.4798,2.7178,2.7178,1,20,1
0.2032,1.9812,36.33,1.9812,0.2032,31.92,3,2,4.41,1.9812,2.032,0.2032,1.9812,2.3368,2.9464,2.3368,2,10,0
0.2032,1.9812,28.71,0.4572,0.2032,39.54,2,3,-10.83,0.2032,0.762,0.4572,0.2032,1.7272,0.8128,0.8128,1,30,1
2.286,2.54,39.24,0.4572,0.2032,32.53,3,3,6.71,1.0668,0.7112,2.286,2.54,3.556,1.1176,3.556,3,10,0
2.286,2.54,30.7,2.54,0.762,37.76,2,3,-7.06,0.2032,0.762,2.54,0.762,3.8608,2.9464,2.9464,1,30,1
0.2032,1.9812,37.87,2.54,0.762,31.92,3,3,5.95,1.9812,2.032,0.2032,1.9812,2.3368,2.3368,2.3368,2,20,0
0.2032,1.9812,30.19,0.2032,1.9812,39.44,2,3,-9.25,1.9812,0.7112,0.2032,1.9812,3.556,3.556,3.556,2,30,1
2.54,1.143,35.27,0.2032,1.9812,28.87,3,2,6.4,0.2032,1.143,2.54,1.143,2.3368,1.3462,2.3368,1,30,0
2.54,1.143,25.67,0.2032,1.9812,37.86,2,3,-12.19,0.4572,0.2032,0.2032,1.9812,3.0226,2.032,2.032,2,20,1
0.2032,1.6002,39.39,0.2032,1.9812,29.48,3,2,9.91,1.9812,0.2032,0.2032,1.6002,3.175,3.556,3.175,2,10,0
0.2032,1.6002,28.72,0.762,0.2032,35.42,2,3,-6.7,0.2032,0.762,0.762,0.2032,1.3462,1.1176,1.1176,1,30,1
0.2032,1.6002,34.51,0.762,0.2032,25.82,3,2,8.69,0.762,2.032,0.2032,1.6002,1.4986,2.9464,1.4986,2,30,0
0.2032,1.6002,26.83,0.2032,1.6002,40.3,2,3,-13.47,2.54,1.9812,0.2032,1.6002,2.7178,2.7178,2.7178,2,20,1
0.2032,1.9812,38.16,0.2032,1.6002,30.24,3,2,7.92,2.54,1.143,0.2032,1.9812,3.175,2.794,3.175,2,20,0
0.2032,1.9812,29.93,0.2032,1.9812,36.8,2,3,-6.87,0.4572,2.54,0.2032,1.9812,0.8128,0.8128,0.8128,2,30,1
0.4572,0.2032,33.9,0.2032,1.9812,28.05,3,2,5.85,0.2032,0.762,0.4572,0.2032,0.8128,1.7272,0.8128,1,20,0
0.4572,0.2032,27.6,0.2032,1.6002,32.68,2,3,-5.08,0.762,2.54,0.2032,1.6002,2.6416,1.4986,1.4986,2,10,1
2.54,0.762,32.83,0.2032,1.6002,21.24,3,2,11.59,0.2032,1.143,2.54,0.762,2.7178,0.9652,2.7178,1,20,0
2.54,0.762,23.63,1.9812,0.2032,24.6,2,2,-0.97,0.2032,1.143,1.9812,0.2032,2.7178,2.7178,2.7178,1,10,1
0.2032,1.9812,29.17,1.9812,0.2032,22.37,2,2,6.8,0.762,2.54,0.2032,1.9812,1.1176,3.556,1.1176,2,10,0
0.2032,1.9812,26.79,0.2032,1.6002,29.48,2,2,-2.69,0.4572,2.54,0.2032,1.6002,0.8128,1.1938,1.1938,2,20,1
1.6764,0.7112,31.31,0.2032,1.6002,20.84,2,2,10.47,1.6764,2.54,1.6764,0.7112,2.9464,2.413,2.9464,3,30,0
1.6764,0.7112,24.2,0.2032,1.9812,30.18,2,2,-5.98,1.0668,0.2032,0.2032,1.9812,1.1176,2.6416,2.6416,2,10,1
0.2032,1.6002,28.72,0.2032,1.9812,24.19,2,2,4.53,0.4572,0.2032,0.2032,1.6002,1.651,2.032,1.651,2,20,0
0.2032,1.6002,24.65,0.2032,1.6002,31.91,2,2,-7.26,2.54,1.6002,0.2032,1.6002,2.3368,2.3368,2.3368,2,30,1
0.2032,1.9812,30.86,0.2032,1.6002,27.39,3,2,3.47,0.762,0.2032,0.2032,1.9812,2.3368,1.9558,2.3368,2,10,0
0.2032,1.9812,23.89,2.54,0.762,29.48,2,2,-5.59,0.2032,1.143,2.54,0.762,1.3462,2.7178,2.7178,1,30,1
0.2032,1.9812,23.84,2.54,0.762,24.04,2,2,-0.2,0.4572,2.54,0.2032,1.9812,0.8128,3.8608,0.8128,2,30,0
0.2032,1.9812,19.92,1.0668,2.54,29.33,2,2,-9.41,0.2032,1.143,1.0668,2.54,1.3462,2.2606,2.2606,1,20,1
1.0668,0.7112,21.55,1.0668,2.54,27.4,2,2,-5.85,0.2032,1.143,1.0668,0.7112,1.8034,2.2606,1.8034,1,10,0
0.2032,1.6002,30.24,1.0668,2.54,15.96,2,1,14.28,2.54,1.9812,0.2032,1.6002,2.7178,2.032,2.7178,2,10,0
0.2032,1.6002,27.55,0.2032,1.9812,27.7,2,2,-0.15,0.762,0.7112,0.2032,1.9812,1.9558,2.3368,2.3368,2,10,1
0.762,0.7112,33.74,0.2032,1.9812,17.18,2,1,16.56,1.9812,0.7112,0.762,0.7112,1.7272,3.556,1.7272,3,30,0
0.762,0.7112,27.24,0.2032,1.6002,29.73,2,2,-2.49,2.54,1.9812,0.2032,1.6002,3.556,2.7178,2.7178,2,20,1
0.762,0.7112,19.31,1.0668,2.54,32.22,2,3,-12.91,0.762,2.032,1.0668,2.54,2.9464,0.8128,0.8128,3,20,1
1.0668,2.54,24.7,1.0668,2.54,23.78,2,2,0.92,0.2032,0.762,1.0668,2.54,2.6416,2.6416,2.6416,1,10,0
1.9812,0.7112,33.6,1.0668,2.54,17.79,3,2,15.81,0.2032,1.143,1.9812,0.7112,2.7178,2.2606,2.7178,1,10,0
1.9812,0.7112,27.24,2.286,0.2032,22.87,2,2,4.37,2.54,1.6002,2.286,0.2032,1.9558,1.651,1.651,3,10,1
1.9812,0.7112,15.96,1.9812,2.032,26.43,1,2,-10.47,2.54,1.9812,1.9812,2.032,2.3368,1.1176,1.1176,3,30,1
0.2032,1.6002,28.77,1.9812,2.032,21.6,2,2,7.17,1.9812,2.032,0.2032,1.6002,2.7178,0.0,2.7178,2,20,0
0.2032,1.6002,17.33,0.4572,0.2032,27.04,1,2,-9.71,0.2032,1.143,0.4572,0.2032,0.9652,1.1938,1.1938,1,30,1
0.762,0.7112,28.66,0.4572,0.2032,22.98,2,2,5.68,1.0668,2.032,0.762,0.7112,3.2512,2.9464,3.2512,3,30,0
0.762,0.7112,21.45,1.9812,0.2032,32.62,2,2,-11.17,1.9812,2.54,1.9812,0.2032,3.556,2.9464,2.9464,3,10,1
0.4572,2.54,26.53,1.9812,0.2032,28.0,2,2,-1.47,0.2032,0.762,0.4572,2.54,2.032,2.3368,2.032,1,10,0
0.4572,2.54,19.47,1.6764,0.2032,32.47,2,2,-13.0,0.2032,0.762,1.6764,0.2032,2.032,2.032,2.032,1,30,1
0.2032,1.6002,32.37,1.6764,0.2032,26.63,2,2,5.74,1.9812,0.2032,0.2032,1.6002,3.175,0.8128,3.175,2,20,0
0.2032,1.6002,24.95,1.6764,2.54,34.31,2,3,-9.36,0.2032,1.143,1.6764,2.54,0.9652,2.8702,2.8702,1,30,1
2.54,0.762,32.78,1.6764,2.54,27.14,2,2,5.64,1.6764,0.7112,2.54,0.762,1.4224,2.9464,1.4224,3,10,0
2.54,0.762,26.94,0.2032,1.9812,36.95,2,3,-10.01,2.54,1.143,0.2032,1.9812,0.889,3.175,3.175,2,30,1
1.0668,0.2032,34.97,0.2032,1.9812,30.95,3,2,4.02,0.2032,1.143,1.0668,0.2032,1.8034,1.3462,1.8034,1,20,0
1.0668,0.2032,28.2,1.9812,0.7112,38.32,2,3,-10.12,0.762,0.7112,1.9812,0.7112,0.8128,1.7272,1.7272,3,30,1
2.54,1.9812,36.34,1.9812,0.7112,31.0,3,2,5.34,0.2032,0.762,2.54,1.9812,3.556,2.3368,3.556,1,10,0
2.54,1.9812,29.73,0.2032,1.6002,39.85,2,3,-10.12,1.6764,0.7112,0.2032,1.6002,2.6416,2.8702,2.8702,2,30,1
1.6764,0.7112,39.24,0.2032,1.6002,27.5,3,2,11.74,0.2032,1.143,1.6764,0.7112,2.413,0.9652,2.413,1,10,0
1.6764,0.7112,31.41,1.9812,0.2032,36.19,2,3,-4.78,0.2032,0.762,1.9812,0.2032,2.032,2.3368,2.3368,1,20,1
0.2032,1.6002,40.61,1.9812,0.2032,26.74,3,2,13.87,1.0668,2.54,0.2032,1.6002,1.8034,3.2512,1.8034,2,20,0
0.2032,1.6002,32.68,0.2032,1.9812,35.73,2,3,-3.05,1.9812,0.7112,0.2032,1.9812,3.175,3.556,3.556,2,10,1
0.2032,1.6002,38.93,0.2032,1.9812,27.5,3,2,11.43,0.4572,0.2032,0.2032,1.6002,1.651,2.032,1.651,2,20,0
0.2032,1.6002,28.1,0.2032,1.9812,32.99,2,3,-4.89,1.0668,2.54,0.2032,1.9812,1.8034,1.4224,1.4224,2,10,1
2.54,0.762,36.69,0.2032,1.9812,25.82,3,2,10.87,0.2032,1.143,2.54,0.762,2.7178,1.3462,2.7178,1,20,0
2.54,0.762,30.24,0.4572,2.54,32.22,3,3,-1.98,0.2032,0.762,0.4572,2.54,2.9464,2.032,2.032,1,20,1
0.2032,1.9812,38.02,0.4572,2.54,25.21,3,2,12.81,2.286,0.2032,0.2032,1.9812,3.8608,4.1656,3.8608,2,30,0
0.2032,1.9812,28.72,0.2032,1.9812,34.21,2,3,-5.49,2.286,2.54,0.2032,1.9812,2.6416,2.6416,2.6416,2,20,1
0.2032,1.9812,43.5,0.2032,1.9812,26.02,3,2,17.48,1.9812,0.2032,0.2032,1.9812,3.556,3.556,3.556,2,10,0
0.2032,1.9812,35.57,1.0668,0.2032,28.26,2,2,7.31,0.2032,1.143,1.0668,0.2032,1.3462,1.8034,1.8034,1,30,1
0.2032,1.9812,29.06,0.2032,1.6002,39.99,2,3,-10.93,2.54,1.6002,0.2032,1.6002,2.7178,2.3368,2.3368,2,10,1
2.54,0.762,35.57,0.2032,1.6002,32.83,2,3,2.74,0.2032,0.762,2.54,0.762,2.9464,1.3462,2.9464,1,30,0
2.54,0.762,30.19,1.0668,0.2032,37.56,2,3,-7.37,0.2032,0.762,1.0668,0.2032,2.9464,1.4224,1.4224,1,30,1
0.4572,2.54,39.69,1.0668,0.2032,27.95,3,2,11.74,0.2032,0.762,0.4572,2.54,2.032,1.4224,2.032,1,20,0
0.4572,2.54,31.31,1.6764,0.7112,38.98,2,3,-7.67,0.2032,1.143,1.6764,0.7112,1.651,2.413,2.413,1,10,1
0.2032,1.9812,41.37,1.6764,0.7112,31.31,3,3,10.06,1.6764,2.032,0.2032,1.9812,2.032,2.9464,2.032,2,10,0
0.2032,1.9812,29.48,0.2032,1.6002,36.03,2,3,-6.55,1.6764,0.2032,0.2032,1.6002,3.2512,2.8702,2.8702,2,10,1
0.2032,1.9812,40.15,0.2032,1.6002,27.19,3,2,12.96,1.0668,0.2032,0.2032,1.9812,2.6416,2.2606,2.6416,2,20,0
0.2032,1.9812,30.09,1.0668,0.7112,35.13,2,3,-5.04,0.2032,1.143,1.0668,0.7112,1.3462,1.8034,1.8034,1,20,1
0.2032,1.9812,26.63,1.0668,2.032,38.43,2,3,-11.8,0.2032,1.143,1.0668,2.032,1.3462,2.2606,2.2606,1,10,1
2.286,0.2032,32.53,1.0668,2.032,33.29,2,3,-0.76,2.286,2.54,2.286,0.2032,2.3368,1.7272,2.3368,3,30,0
2.286,0.2032,27.24,1.0668,0.7112,39.29,2,3,-12.05,0.2032,1.143,1.0668,0.7112,3.0226,1.8034,1.8034,1,20,1
1.0668,0.7112,30.09,1.0668,0.7112,31.26,2,3,-1.17,0.2032,0.762,1.0668,0.7112,1.4224,1.4224,1.4224,1,20,0
1.0668,0.7112,25.31,1.0668,2.54,38.78,2,3,-13.47,0.2032,1.143,1.0668,2.54,1.8034,2.2606,2.2606,1,20,1
0.762,2.032,31.77,1.0668,2.54,28.26,3,2,3.51,0.2032,0.762,0.762,2.032,2.3368,2.6416,2.3368,1,20,0
1.6764,0.2032,38.83,1.0668,2.54,24.24,3,2,14.59,0.2032,1.143,1.6764,0.2032,2.413,2.2606,2.413,1,30,0
1.6764,0.2032,31.77,0.2032,1.9812,31.31,3,2,0.46,0.762,0.7112,0.2032,1.9812,1.4224,2.3368,2.3368,2,10,1
0.2032,1.6002,38.17,0.2032,1.9812,27.7,3,2,10.47,0.762,0.7112,0.2032,1.6002,1.9558,2.3368,1.9558,2,30,0
0.2032,1.6002,27.5,0.4572,0.2032,34.36,2,2,-6.86,1.9812,0.7112,0.4572,0.2032,3.175,2.032,2.032,3,10,1
0.762,2.54,37.26,0.4572,0.2032,29.58,3,2,7.68,1.6764,2.54,0.762,2.54,1.4224,3.556,1.4224,3,20,0
0.762,2.54,26.43,1.6764,0.7112,34.05,2,3,-7.62,0.2032,0.762,1.6764,0.7112,2.3368,2.032,2.032,1,20,1
2.54,0.762,38.93,1.6764,0.7112,26.68,3,2,12.25,0.2032,1.143,2.54,0.762,2.7178,2.413,2.7178,1,20,0
2.54,0.762,29.02,1.6764,2.54,38.32,2,3,-9.3,0.2032,1.143,1.6764,2.54,2.7178,2.8702,2.8702,1,20,1
1.9812,2.032,43.19,1.6764,2.54,28.26,3,2,14.93,0.2032,0.762,1.9812,2.032,3.556,3.2512,3.556,1,20,0
1.9812,2.032,34.35,0.762,0.7112,35.43,2,3,-1.08,0.2032,1.143,0.762,0.7112,3.175,1.4986,1.4986,1,20,1
1.9812,2.032,26.93,1.9812,2.54,42.95,2,3,-16.02,0.762,0.2032,1.9812,2.54,3.556,3.556,3.556,3,20,1
1.6764,2.032,37.09,1.9812,2.54,36.19,2,3,0.9,0.2032,1.143,1.6764,2.032,2.8702,3.175,2.8702,1,30,0
1.6764,2.032,31.2,0.2032,1.6002,40.2,2,3,-9.0,1.0668,2.032,0.2032,1.6002,1.1176,1.8034,1.8034,2,10,1
1.6764,2.54,32.68,0.2032,1.6002,32.07,3,3,0.61,1.0668,2.54,1.6764,2.54,1.1176,1.8034,1.1176,3,10,0
1.6764,2.54,25.46,1.0668,2.032,39.54,2,3,-14.08,0.2032,0.762,1.0668,2.032,3.2512,2.6416,2.6416,1,10,1
0.2032,1.9812,32.53,1.0668,2.032,31.16,3,3,1.37,2.54,1.9812,0.2032,1.9812,2.9464,2.032,2.9464,2,10,0
0.2032,1.9812,24.7,2.54,1.9812,34.67,2,3,-9.97,1.9812,2.032,2.54,1.9812,2.3368,1.1176,1.1176,3,30,1
1.0668,0.7112,27.04,2.54,1.9812,25.06,2,2,1.98,0.2032,1.143,1.0668,0.7112,1.8034,3.175,1.8034,1,30,0
0.4572,2.54,37.1,2.54,1.9812,22.36,3,2,14.74,0.2032,1.143,0.4572,2.54,1.651,3.175,1.651,1,30,0
0.4572,2.54,25.21,0.2032,1.6002,24.75,2,2,0.46,0.4572,2.54,0.2032,1.6002,0.0,1.1938,1.1938,2,10,1
0.4572,2.54,22.52,1.0668,2.032,34.36,2,3,-11.84,0.2032,1.143,1.0668,2.032,1.651,2.2606,2.2606,1,20,1
2.286,2.54,29.17,1.0668,2.032,24.39,2,2,4.78,0.2032,1.143,2.286,2.54,3.4798,2.2606,3.4798,1,20,0
2.286,2.54,25.56,2.54,1.9812,34.2,2,3,-8.64,0.2032,1.143,2.54,1.9812,3.4798,3.175,3.175,1,20,1
0.762,0.7112,31.1,2.54,1.9812,27.39,2,2,3.71,0.2032,0.762,0.762,0.7112,1.1176,3.556,1.1176,1,10,0
0.762,0.7112,24.5,2.286,0.2032,35.27,2,2,-10.77,0.2032,1.143,2.286,0.2032,1.4986,3.0226,3.0226,1,30,1
2.54,1.143,29.63,2.286,0.2032,30.75,2,2,-1.12,0.2032,1.143,2.54,1.143,2.3368,3.0226,2.3368,1,30,0
2.54,1.143,23.18,1.9812,0.7112,32.13,2,3,-8.95,2.286,0.2032,1.9812,0.7112,1.1938,0.8128,0.8128,3,20,1
0.2032,1.6002,29.02,1.9812,0.7112,23.84,2,2,5.18,1.0668,0.2032,0.2032,1.6002,2.2606,1.4224,2.2606,2,10,0
0.2032,1.6002,26.02,0.2032,1.9812,33.81,2,3,-7.79,0.762,0.7112,0.2032,1.9812,1.9558,2.3368,2.3368,2,30,1
0.2032,1.9812,25.36,0.2032,1.9812,21.76,2,2,3.6,0.4572,2.54,0.2032,1.9812,0.8128,0.8128,0.8128,2,10,0
0.2032,1.9812,20.53,0.2032,1.9812,32.83,2,2,-12.3,2.54,1.143,0.2032,1.9812,3.175,3.175,3.175,2,10,1
2.54,1.9812,27.8,0.2032,1.9812,29.37,2,2,-1.57,1.6764,0.7112,2.54,1.9812,2.6416,3.2512,2.6416,3,10,0
2.54,1.9812,25.42,2.54,1.143,34.81,2,2,-9.39,0.4572,0.2032,2.54,1.143,3.8608,3.0226,3.0226,3,10,1
1.9812,0.2032,33.39,2.54,1.143,28.46,2,2,4.93,0.2032,1.143,1.9812,0.2032,2.7178,2.3368,2.7178,1,20,0
1.9812,0.2032,24.96,2.54,1.9812,34.05,2,3,-9.09,1.9812,0.2032,2.54,1.9812,0.0,2.3368,2.3368,3,20,1
0.762,0.7112,36.28,2.54,1.9812,26.83,2,2,9.45,0.4572,2.54,0.762,0.7112,2.6416,2.6416,2.6416,3,30,0
0.762,0.7112,30.44,1.9812,0.7112,36.8,2,3,-6.36,0.2032,1.143,1.9812,0.7112,1.4986,2.7178,2.7178,1,30,1
0.2032,1.9812,34.35,1.9812,0.7112,30.19,2,2,4.16,1.0668,2.032,0.2032,1.9812,1.4224,3.2512,1.4224,2,20,0
0.2032,1.9812,30.34,1.6764,2.54,40.15,2,3,-9.81,0.2032,0.762,1.6764,2.54,1.7272,3.2512,3.2512,1,30,1
2.54,1.143,35.89,1.6764,2.54,32.78,3,2,3.11,0.2032,1.143,2.54,1.143,2.3368,2.8702,2.3368,1,20,0
0.2032,1.6002,44.07,1.6764,2.54,28.62,3,2,15.45,1.6764,0.2032,0.2032,1.6002,2.8702,2.9464,2.8702,2,10,0
0.2032,1.6002,37.56,1.6764,0.7112,33.75,3,2,3.81,0.2032,0.762,1.6764,0.7112,1.3462,2.032,2.032,1,30,1
0.2032,1.6002,28.72,0.2032,1.9812,43.81,2,3,-15.09,1.9812,0.2032,0.2032,1.9812,3.175,3.556,3.556,2,30,1
1.0668,2.54,34.97,0.2032,1.9812,35.43,3,3,-0.46,0.2032,1.143,1.0668,2.54,2.2606,1.3462,2.2606,1,10,0
1.0668,2.54,27.8,2.54,1.143,42.19,2,3,-14.39,0.2032,1.143,2.54,1.143,2.2606,2.3368,2.3368,1,10,1
1.9812,0.7112,34.81,2.54,1.143,34.06,3,3,0.75,0.762,2.54,1.9812,0.7112,3.556,3.175,3.556,3,30,0
0.762,0.7112,40.1,2.54,1.143,26.48,3,2,13.62,0.2032,0.762,0.762,0.7112,1.1176,2.7178,1.1176,1,20,0
0.762,0.7112,32.99,0.2032,1.6002,34.82,3,3,-1.83,0.762,2.032,0.2032,1.6002,2.9464,1.4986,1.4986,2,10,1
2.286,0.2032,41.06,0.2032,1.6002,27.45,3,2,13.61,0.2032,1.143,2.286,0.2032,3.0226,0.9652,3.0226,1,30,0
2.286,0.2032,34.05,1.9812,0.2032,34.06,3,3,-0.01,0.762,0.2032,1.9812,0.2032,2.032,1.7272,1.7272,3,20,1
2.54,0.762,40.35,1.9812,0.2032,27.29,3,2,13.06,2.54,1.9812,2.54,0.762,1.7272,2.3368,1.7272,3,20,0
2.54,0.762,32.68,0.762,0.7112,31.77,3,3,0.91,0.2032,0.762,0.762,0.7112,2.9464,1.1176,1.1176,1,20,1
2.54,0.762,25.57,2.54,0.762,37.91,2,3,-12.34,0.2032,1.143,2.54,0.762,2.7178,2.7178,2.7178,1,30,1
2.286,0.2032,34.21,2.54,0.762,27.34,3,2,6.87,0.2032,0.762,2.286,0.2032,2.6416,2.9464,2.6416,1,10,0
2.286,0.2032,27.14,2.286,0.2032,36.69,2,3,-9.55,2.54,1.9812,2.286,0.2032,2.032,2.032,2.032,3,30,1
0.2032,1.6002,32.68,2.286,0.2032,27.95,2,2,4.73,2.54,1.9812,0.2032,1.6002,2.7178,2.032,2.7178,2,20,0
0.2032,1.6002,27.9,1.6764,0.7112,40.31,2,3,-12.41,0.2032,0.762,1.6764,0.7112,1.3462,2.032,2.032,1,10,1
0.2032,1.9812,39.08,1.6764,0.7112,28.87,3,2,10.21,1.6764,0.2032,0.2032,1.9812,3.2512,0.508,3.2512,2,30,0
0.2032,1.9812,31.86,1.9812,2.54,42.59,2,3,-10.73,0.2032,0.762,1.9812,2.54,1.7272,3.556,3.556,1,30,1
1.9812,0.7112,39.54,1.9812,2.54,32.53,3,2,7.01,1.0668,0.2032,1.9812,0.7112,1.4224,3.2512,1.4224,3,20,0
1.9812,0.7112,31.86,0.2032,1.9812,41.37,2,3,-9.51,2.54,1.9812,0.2032,1.9812,2.3368,2.9464,2.9464,2,30,1
0.2032,1.6002,41.22,0.2032,1.9812,31.31,3,2,9.91,2.54,1.143,0.2032,1.6002,2.794,3.175,2.794,2,20,0
0.2032,1.6002,32.23,0.2032,1.6002,44.57,3,3,-12.34,2.54,1.9812,0.2032,1.6002,2.7178,2.7178,2.7178,2,20,1
1.9812,0.7112,38.53,0.2032,1.6002,37.56,3,3,0.97,0.2032,0.762,1.9812,0.7112,2.3368,1.3462,2.3368,1,30,0
0.2032,1.6002,42.55,0.2032,1.6002,29.22,3,2,13.33,2.54,1.6002,0.2032,1.6002,2.3368,2.3368,2.3368,2,10,0
0.2032,1.6002,39.55,1.6764,0.7112,34.21,3,3,5.34,0.2032,1.143,1.6764,0.7112,0.9652,2.413,2.413,1,30,1
0.2032,1.6002,31.47,0.2032,1.6002,43.25,3,3,-11.78,0.762,2.54,0.2032,1.6002,1.4986,1.4986,1.4986,2,30,1
0.2032,1.9812,39.85,0.2032,1.6002,35.43,3,3,4.42,0.762,0.7112,0.2032,1.9812,2.3368,1.9558,2.3368,2,30,0
0.2032,1.9812,29.18,1.9812,2.54,43.55,2,3,-14.37,0.2032,0.762,1.9812,2.54,1.7272,3.556,3.556,1,20,1
1.0668,2.032,42.44,1.9812,2.54,36.79,3,3,5.65,1.0668,0.2032,1.0668,2.032,2.9464,3.2512,2.9464,3,10,0
1.0668,2.032,46.81,1.9812,2.54,30.18,3,2,16.63,0.2032,1.143,1.0668,2.032,2.2606,3.175,2.2606,1,30,0
1.0668,2.032,42.89,0.762,2.54,41.06,3,3,1.83,0.2032,1.143,0.762,2.54,2.2606,1.9558,1.9558,1,10,1
0.2032,1.6002,48.63,0.762,2.54,32.06,3,2,16.57,1.0668,0.2032,0.2032,1.6002,2.2606,3.2512,2.2606,2,30,0
0.2032,1.6002,44.46,1.0668,0.2032,38.62,3,3,5.84,0.2032,0.762,1.0668,0.2032,1.3462,1.4224,1.4224,1,10,1
0.2032,1.6002,37.85,0.2032,1.9812,42.08,3,3,-4.23,0.4572,0.2032,0.2032,1.9812,1.651,2.032,2.032,2,20,1
0.2032,1.9812,49.79,0.2032,1.9812,38.07,3,3,11.72,2.54,0.762,0.2032,1.9812,3.556,3.556,3.556,2,20,0
0.2032,1.9812,42.88,1.9812,2.54,48.94,3,4,-6.06,1.6764,0.7112,1.9812,2.54,3.2512,3.2512,3.2512,3,20,1
1.6764,2.54,51.83,1.9812,2.54,41.41,3,3,10.42,0.2032,0.762,1.6764,2.54,3.2512,3.556,3.2512,1,20,0
1.6764,2.54,45.94,0.4572,0.2032,46.04,3,3,-0.1,0.2032,0.762,0.4572,0.2032,3.2512,0.8128,0.8128,1,30,1
0.2032,1.6002,51.83,0.4572,0.2032,43.8,3,3,8.03,1.0668,0.2032,0.2032,1.6002,2.2606,1.1176,2.2606,2,10,0
0.2032,1.6002,45.99,0.2032,1.9812,53.35,3,3,-7.36,2.54,1.9812,0.2032,1.9812,2.7178,2.9464,2.9464,2,20,1
0.762,2.032,51.84,0.2032,1.9812,46.85,4,3,4.99,0.2032,0.762,0.762,2.032,2.3368,1.7272,2.3368,1,10,0
0.762,2.032,44.47,0.762,0.2032,50.16,3,4,-5.69,0.2032,1.143,0.762,0.2032,1.9558,1.4986,1.4986,1,20,1
0.2032,1.6002,48.33,0.762,0.2032,42.02,4,3,6.31,1.0668,2.54,0.2032,1.6002,1.8034,3.2512,1.8034,2,30,0
0.2032,1.6002,40.51,1.0668,0.2032,48.02,3,4,-7.51,0.2032,1.143,1.0668,0.2032,0.9652,1.8034,1.8034,1,30,1
2.54,1.9812,52.14,1.0668,0.2032,41.11,4,3,11.03,1.9812,0.7112,2.54,1.9812,2.3368,1.4224,2.3368,3,10,0
2.54,1.9812,41.62,0.2032,1.6002,49.08,3,4,-7.46,2.54,1.143,0.2032,1.6002,1.3462,2.794,2.794,2,30,1
1.6764,0.7112,51.83,0.2032,1.6002,40.7,4,3,11.13,0.2032,0.762,1.6764,0.7112,2.032,1.3462,2.032,1,30,0
1.6764,0.7112,44.92,0.2032,1.6002,51.68,3,4,-6.76,2.54,1.143,0.2032,1.6002,1.8034,2.794,2.794,2,20,1
1.0668,2.54,51.84,0.2032,1.6002,44.47,4,3,7.37,1.6764,2.54,1.0668,2.54,1.1176,2.413,1.1176,3,30,0
1.0668,2.54,45.08,0.762,2.032,57.78,3,4,-12.7,2.286,0.2032,0.762,2.032,3.556,3.8608,3.8608,3,20,1
0.4572,2.54,50.78,0.762,2.032,51.78,4,3,-1.0,1.9812,2.032,0.4572,2.54,2.032,1.7272,2.032,3,10,0
0.2032,1.9812,65.76,0.762,2.032,45.03,4,3,20.73,2.286,0.2032,0.2032,1.9812,3.8608,3.8608,3.8608,2,10,0
0.2032,1.9812,59.15,1.0668,2.032,52.39,4,3,6.76,0.2032,0.762,1.0668,2.032,1.7272,2.6416,2.6416,1,10,1
0.2032,1.9812,49.09,0.2032,1.6002,63.73,3,4,-14.64,2.54,1.9812,0.2032,1.6002,2.9464,2.7178,2.7178,2,10,1
1.6764,2.032,59.16,0.2032,1.6002,52.14,4,3,7.02,0.2032,0.762,1.6764,2.032,3.2512,1.3462,3.2512,1,20,0
1.6764,2.032,50.92,0.2032,1.6002,57.68,3,4,-6.76,0.762,2.54,0.2032,1.6002,1.4224,1.4986,1.4986,2,10,1
2.54,1.143,63.73,0.2032,1.6002,51.38,4,4,12.35,0.4572,0.2032,2.54,1.143,3.0226,1.651,3.0226,3,30,0
2.54,1.143,56.06,0.2032,1.9812,54.78,3,4,1.28,1.0668,2.54,0.2032,1.9812,2.8702,1.4224,1.4224,2,10,1
2.54,1.143,48.84,0.2032,1.9812,63.07,3,5,-14.23,0.762,0.2032,0.2032,1.9812,2.7178,2.3368,2.3368,2,30,1
0.2032,1.9812,57.33,0.2032,1.9812,55.29,4,4,2.04,0.762,0.2032,0.2032,1.9812,2.3368,2.3368,2.3368,2,10,0
0.2032,1.9812,49.96,0.2032,1.9812,56.97,3,5,-7.01,0.4572,2.54,0.2032,1.9812,0.8128,0.8128,0.8128,2,20,1
0.4572,0.2032,53.67,0.2032,1.9812,49.04,4,4,4.63,0.2032,1.143,0.4572,0.2032,1.1938,1.3462,1.1938,1,20,0
0.4572,0.2032,45.84,1.9812,0.2032,56.67,3,5,-10.83,0.2032,1.143,1.9812,0.2032,1.1938,2.7178,2.7178,1,10,1
1.0668,0.2032,49.71,1.9812,0.2032,49.3,4,4,0.41,0.2032,0.762,1.0668,0.2032,1.4224,2.3368,1.4224,1,20,0
1.0668,0.2032,43.0,0.2032,1.6002,55.61,4,5,-12.61,1.6764,0.2032,0.2032,1.6002,1.1176,2.8702,2.8702,2,30,1
0.2032,1.6002,50.67,0.2032,1.6002,47.42,4,4,3.25,1.6764,2.54,0.2032,1.6002,2.413,2.413,2.413,2,20,0
0.2032,1.6002,43.45,1.0668,2.54,54.24,4,5,-10.79,0.2032,0.762,1.0668,2.54,1.3462,2.6416,2.6416,1,20,1
0.2032,1.9812,54.94,1.0668,2.54,49.11,4,4,5.83,2.54,1.143,0.2032,1.9812,3.175,2.8702,3.175,2,10,0
0.2032,1.9812,45.13,0.2032,1.9812,50.07,3,4,-4.94,1.0668,2.032,0.2032,1.9812,1.4224,1.4224,1.4224,2,10,1
1.6764,0.2032,52.3,0.2032,1.9812,41.94,4,4,10.36,0.2032,1.143,1.6764,0.2032,2.413,1.3462,2.413,1,10,0
1.6764,0.2032,45.69,2.286,0.2032,51.54,3,4,-5.85,2.54,1.9812,2.286,0.2032,2.6416,2.032,2.032,3,30,1
0.762,2.032,53.52,2.286,0.2032,45.14,4,4,8.38,0.2032,1.143,0.762,2.032,1.9558,3.0226,1.9558,1,30,0
0.762,2.032,46.2,0.762,0.7112,52.14,3,4,-5.94,0.2032,1.143,0.762,0.7112,1.9558,1.4986,1.4986,1,30,1
1.6764,0.7112,55.35,0.762,0.7112,44.37,4,4,10.98,0.2032,0.762,1.6764,0.7112,2.032,1.1176,2.032,1,20,0
1.6764,0.7112,47.27,0.762,2.032,52.75,4,4,-5.48,0.2032,0.762,0.762,2.032,2.032,2.3368,2.3368,1,30,1
1.0668,2.032,55.66,0.762,2.032,43.91,4,3,11.75,0.2032,0.762,1.0668,2.032,2.6416,2.3368,2.6416,1,10,0
1.0668,2.032,48.34,1.6764,0.7112,52.75,4,4,-4.41,0.2032,0.762,1.6764,0.7112,2.6416,2.032,2.032,1,20,1
1.0668,2.032,42.34,0.2032,1.9812,58.65,3,4,-16.31,2.54,1.143,0.2032,1.9812,2.8702,3.175,3.175,2,30,1
1.0668,0.7112,48.95,0.2032,1.9812,53.12,4,4,-4.17,0.2032,1.143,1.0668,0.7112,1.8034,1.3462,1.8034,1,20,0
0.2032,1.9812,58.91,0.2032,1.9812,43.61,4,3,15.3,2.54,1.143,0.2032,1.9812,3.175,3.175,3.175,2,20,0
0.2032,1.9812,52.0,1.0668,0.2032,53.67,4,4,-1.67,0.2032,1.143,1.0668,0.2032,1.3462,1.8034,1.8034,1,20,1
0.2032,1.9812,54.79,1.0668,0.2032,43.0,4,3,11.79,0.762,2.54,0.2032,1.9812,1.1176,3.2512,1.1176,2,20,0
0.2032,1.9812,47.88,2.54,0.762,53.36,4,4,-5.48,0.2032,1.143,2.54,0.762,1.3462,2.7178,2.7178,1,30,1
0.2032,1.9812,40.05,0.2032,1.6002,57.89,3,4,-17.84,1.9812,0.2032,0.2032,1.6002,3.556,3.175,3.175,2,20,1
1.6764,2.032,44.07,0.2032,1.6002,54.28,4,4,-10.21,0.762,2.54,1.6764,2.032,1.4224,1.4986,1.4224,3,10,0
0.2032,1.6002,49.45,0.2032,1.6002,45.44,4,4,4.01,0.4572,2.54,0.2032,1.6002,1.1938,1.1938,1.1938,2,20,0
0.2032,1.6002,42.23,0.2032,1.6002,51.84,4,4,-9.61,0.4572,0.2032,0.2032,1.6002,1.651,1.651,1.651,2,10,1
0.4572,0.2032,52.55,0.2032,1.6002,42.23,4,3,10.32,1.9812,2.032,0.4572,0.2032,3.8608,2.7178,3.8608,3,20,0
0.4572,0.2032,46.2,0.2032,1.6002,56.11,4,4,-9.91,1.6764,0.2032,0.2032,1.6002,1.7272,2.8702,2.8702,2,30,1
2.54,1.143,52.9,0.2032,1.6002,44.67,4,3,8.23,0.2032,0.762,2.54,1.143,2.7178,1.3462,2.7178,1,10,0
2.54,1.143,43.55,2.54,1.6002,52.13,3,4,-8.58,2.286,2.54,2.54,1.6002,1.651,1.1938,1.1938,3,10,1
2.54,1.9812,55.04,2.54,1.6002,44.51,4,3,10.53,0.2032,0.762,2.54,1.9812,3.556,3.175,3.556,1,20,0
2.54,1.9812,48.43,1.6764,0.2032,49.24,3,4,-0.81,2.54,1.143,1.6764,0.2032,1.3462,1.8034,1.8034,3,20,1
2.54,0.762,59.0,1.6764,0.2032,42.94,4,3,16.06,0.2032,1.143,2.54,0.762,2.7178,2.413,2.7178,1,10,0
2.54,0.762,49.4,0.4572,2.54,51.84,3,4,-2.44,0.2032,1.143,0.4572,2.54,2.7178,1.651,1.651,1,10,1
2.54,0.762,47.78,0.762,2.032,53.62,3,4,-5.84,1.9812,2.54,0.762,2.032,2.3368,1.7272,1.7272,3,30,1
0.2032,1.6002,49.71,0.762,2.032,48.7,3,4,1.01,2.54,1.6002,0.2032,1.6002,2.3368,2.7178,2.3368,2,20,0
0.2032,1.6002,44.27,1.0668,2.54,53.62,3,4,-9.35,0.2032,1.143,1.0668,2.54,0.9652,2.2606,2.2606,1,20,1
0.2032,1.6002,52.91,1.0668,2.54,51.69,4,4,1.22,1.6764,2.54,0.2032,1.6002,2.413,1.1176,2.413,2,30,0
0.2032,1.6002,45.54,1.6764,0.2032,57.43,3,4,-11.89,0.2032,0.762,1.6764,0.2032,1.3462,2.032,2.032,1,10,1
0.2032,1.9812,53.83,1.6764,0.2032,52.6,4,4,1.23,0.4572,0.2032,0.2032,1.9812,2.032,1.7272,2.032,2,10,0
0.2032,1.9812,42.39,0.2032,1.9812,58.75,3,4,-16.36,2.286,0.2032,0.2032,1.9812,3.8608,3.8608,3.8608,2,10,1
0.762,2.032,50.32,0.2032,1.9812,51.08,4,4,-0.76,0.2032,0.762,0.762,2.032,2.3368,1.7272,2.3368,1,20,0
0.762,2.032,43.15,2.54,0.762,58.6,3,4,-15.45,0.2032,0.762,2.54,0.762,2.3368,2.9464,2.9464,1,10,1
0.762,2.54,53.68,2.54,0.762,51.39,4,4,2.29,0.2032,0.762,0.762,2.54,2.3368,2.9464,2.3368,1,10,0
0.762,2.54,42.85,0.762,2.032,58.45,3,4,-15.6,2.54,1.6002,0.762,2.032,2.7178,2.7178,2.7178,3,10,1
1.0668,0.7112,53.06,0.762,2.032,50.78,4,4,2.28,0.2032,0.762,1.0668,0.7112,1.4224,2.3368,1.4224,1,10,0
0.2032,1.9812,57.74,0.762,2.032,43.71,4,3,14.03,1.6764,0.7112,0.2032,1.9812,3.2512,3.2512,3.2512,2,30,0
0.2032,1.9812,50.01,1.6764,0.2032,53.37,4,4,-3.36,1.9812,2.54,1.6764,0.2032,2.3368,3.2512,3.2512,3,20,1
2.54,1.6002,58.9,1.6764,0.2032,44.93,4,3,13.97,0.2032,0.762,2.54,1.6002,3.175,2.032,3.175,1,20,0
2.54,1.6002,51.23,0.2032,1.6002,49.41,4,4,1.82,0.762,0.7112,0.2032,1.6002,3.175,1.9558,1.9558,2,30,1
2.54,1.6002,43.55,1.9812,2.032,56.62,3,4,-13.07,0.2032,1.143,1.9812,2.032,2.794,3.175,3.175,1,10,1
1.9812,0.7112,56.4,1.9812,2.032,50.93,4,4,5.47,0.2032,1.143,1.9812,0.7112,2.7178,3.175,2.7178,1,10,0
1.9812,0.7112,45.83,0.2032,1.6002,58.9,3,4,-13.07,0.4572,0.2032,0.2032,1.6002,2.032,1.651,1.651,2,20,1
0.2032,1.9812,54.27,0.2032,1.6002,51.84,4,4,2.43,2.54,1.143,0.2032,1.9812,3.175,2.794,3.175,2,20,0
0.2032,1.9812,47.67,0.2032,1.6002,62.76,3,4,-15.09,1.9812,0.2032,0.2032,1.6002,3.556,3.175,3.175,2,20,1
1.9812,2.032,55.49,0.2032,1.6002,56.4,4,4,-0.91,0.2032,1.143,1.9812,2.032,3.175,0.9652,3.175,1,10,0
1.9812,2.032,46.91,0.762,0.7112,59.0,3,4,-12.09,0.2032,1.143,0.762,0.7112,3.175,1.4986,1.4986,1,10,1
0.2032,1.9812,53.52,0.762,0.7112,50.77,4,4,2.75,1.6764,2.54,0.2032,1.9812,2.032,3.2512,2.032,2,20,0
0.762,0.7112,53.77,0.762,0.7112,43.55,4,3,10.22,0.2032,1.143,0.762,0.7112,1.4986,1.4986,1.4986,1,10,0
0.762,0.7112,47.26,0.2032,1.6002,54.73,4,4,-7.47,1.9812,0.7112,0.2032,1.6002,1.7272,3.175,3.175,2,30,1
0.2032,1.6002,49.35,0.2032,1.6002,44.01,4,3,5.34,0.4572,0.2032,0.2032,1.6002,1.651,1.651,1.651,2,10,0
0.2032,1.6002,43.15,0.2032,1.6002,57.17,4,4,-14.02,2.286,2.54,0.2032,1.6002,3.0226,3.0226,3.0226,2,10,1
0.762,0.7112,45.24,0.2032,1.6002,44.82,4,3,0.42,0.2032,1.143,0.762,0.7112,1.4986,0.9652,1.4986,1,20,0
0.762,0.7112,38.28,0.2032,1.9812,55.49,4,4,-17.21,2.54,1.6002,0.2032,1.9812,3.175,2.7178,2.7178,2,30,1
1.9812,2.032,46.72,0.2032,1.9812,48.28,4,3,-1.56,2.286,0.2032,1.9812,2.032,2.6416,3.8608,2.6416,3,10,0
2.54,1.9812,57.43,0.2032,1.9812,41.82,4,3,15.61,0.2032,0.762,2.54,1.9812,3.556,1.7272,3.556,1,20,0
2.54,1.9812,55.8,1.0668,0.7112,46.5,4,3,9.3,0.2032,1.143,1.0668,0.7112,3.175,1.8034,1.8034,1,10,1
2.54,1.9812,45.99,1.0668,0.2032,53.67,3,4,-7.68,0.2032,1.143,1.0668,0.2032,3.175,1.8034,1.8034,1,10,1
0.762,2.54,54.57,1.0668,0.2032,46.96,3,4,7.61,0.762,0.2032,0.762,2.54,2.9464,0.8128,2.9464,3,20,0
0.762,2.54,50.5,1.9812,0.7112,54.32,3,4,-3.82,0.2032,1.143,1.9812,0.7112,1.9558,2.7178,2.7178,1,20,1
1.0668,2.54,57.16,1.9812,0.7112,46.65,4,4,10.51,0.2032,1.143,1.0668,2.54,2.2606,2.7178,2.2606,1,10,0
1.0668,2.54,50.56,0.2032,1.6002,52.95,3,4,-2.39,2.54,1.6002,0.2032,1.6002,2.413,2.3368,2.3368,2,20,1
1.0668,2.54,42.27,0.2032,1.9812,57.43,3,4,-15.16,0.762,0.7112,0.2032,1.9812,3.2512,2.3368,2.3368,2,30,1
1.6764,0.2032,47.56,0.2032,1.9812,53.83,3,4,-6.27,1.0668,0.2032,1.6764,0.2032,1.1176,2.6416,1.1176,3,10,0
1.6764,2.54,57.53,0.2032,1.9812,44.22,4,3,13.31,0.2032,0.762,1.6764,2.54,3.2512,1.7272,3.2512,1,20,0
1.6764,2.54,50.62,0.2032,1.9812,60.84,4,4,-10.22,2.54,0.762,0.2032,1.9812,2.6416,3.556,3.556,2,30,1
0.2032,1.6002,57.08,0.2032,1.9812,49.4,4,3,7.68,1.9812,2.032,0.2032,1.6002,2.7178,2.3368,2.7178,2,10,0
0.2032,1.6002,49.1,1.0668,0.2032,57.78,4,4,-8.68,0.2032,0.762,1.0668,0.2032,1.3462,1.4224,1.4224,1,10,1
0.2032,1.9812,57.23,1.0668,0.2032,47.11,4,3,10.12,0.762,0.2032,0.2032,1.9812,2.3368,0.8128,2.3368,2,30,0
0.2032,1.9812,48.95,1.6764,0.2032,57.62,4,4,-8.67,0.2032,1.143,1.6764,0.2032,1.3462,2.413,2.413,1,30,1
0.2032,1.9812,53.57,1.6764,0.2032,46.95,4,3,6.62,1.0668,2.032,0.2032,1.9812,1.4224,2.9464,1.4224,2,20,0
0.2032,1.9812,46.66,1.9812,0.7112,55.09,4,4,-8.43,0.2032,0.762,1.9812,0.7112,1.7272,2.3368,2.3368,1,20,1
0.2032,1.9812,52.35,1.9812,0.7112,49.4,4,4,2.95,1.6764,2.54,0.2032,1.9812,2.032,3.2512,2.032,2,20,0
0.2032,1.9812,45.75,0.2032,1.6002,55.55,4,4,-9.8,2.54,1.6002,0.2032,1.6002,2.7178,2.3368,2.3368,2,30,1
0.2032,1.6002,57.68,0.2032,1.6002,47.88,4,4,9.8,2.54,0.762,0.2032,1.6002,3.175,3.175,3.175,2,10,0
0.2032,1.6002,49.55,1.6764,0.2032,52.92,4,4,-3.37,0.2032,0.762,1.6764,0.2032,1.3462,2.032,2.032,1,10,1
0.762,0.7112,57.32,1.6764,0.2032,46.21,4,4,11.11,0.762,2.032,0.762,0.7112,2.9464,3.2512,2.9464,3,10,0
0.762,0.7112,48.48,0.762,0.7112,56.93,3,4,-8.45,1.0668,2.54,0.762,0.7112,3.2512,3.2512,3.2512,3,30,1
0.2032,1.6002,61.74,0.762,0.7112,49.87,4,4,11.87,1.6764,2.54,0.2032,1.6002,2.413,3.2512,2.413,2,20,0
0.2032,1.6002,51.68,0.2032,1.6002,60.38,3,4,-8.7,2.54,1.9812,0.2032,1.6002,2.7178,2.7178,2.7178,2,30,1
2.54,0.762,59.67,0.2032,1.6002,53.22,4,4,6.45,1.0668,0.2032,2.54,0.762,2.032,2.2606,2.032,3,20,0
2.54,0.762,53.98,0.2032,1.9812,64.34,4,4,-10.36,2.286,2.54,0.2032,1.9812,2.032,2.6416,2.6416,2,20,1
0.2032,1.9812,60.89,0.2032,1.9812,54.28,4,3,6.61,1.0668,2.032,0.2032,1.9812,1.4224,1.4224,1.4224,2,20,0
0.2032,1.9812,53.67,0.2032,1.9812,64.85,4,4,-11.18,1.9812,2.54,0.2032,1.9812,2.3368,2.3368,2.3368,2,30,1
0.2032,1.6002,57.99,0.2032,1.9812,57.63,4,4,0.36,0.762,2.032,0.2032,1.6002,1.4986,1.1176,1.4986,2,10,0
0.2032,1.6002,52.0,0.762,0.7112,64.85,4,4,-12.85,1.0668,2.54,0.762,0.7112,1.8034,3.2512,3.2512,3,20,1
1.9812,0.2032,54.54,0.762,0.7112,59.47,4,4,-4.93,0.2032,1.143,1.9812,0.2032,2.7178,1.4986,2.7178,1,10,0
1.9812,0.2032,50.01,1.9812,2.032,63.38,4,4,-13.37,0.2032,1.143,1.9812,2.032,2.7178,3.175,3.175,1,10,1
0.2032,1.6002,57.28,1.9812,2.032,58.45,4,4,-1.17,1.9812,2.032,0.2032,1.6002,2.7178,0.0,2.7178,2,20,0
0.2032,1.6002,51.89,0.762,2.032,61.25,4,5,-9.36,1.9812,2.54,0.762,2.032,2.7178,1.7272,1.7272,3,30,1
1.9812,0.2032,56.52,0.762,2.032,53.57,4,4,2.95,2.54,1.6002,1.9812,0.2032,1.9558,2.7178,1.9558,3,20,0
1.9812,0.2032,54.29,0.2032,1.9812,61.86,4,5,-7.57,0.4572,0.2032,0.2032,1.9812,2.032,2.032,2.032,2,30,1
2.286,2.54,62.26,0.2032,1.9812,54.18,4,4,8.08,0.2032,1.143,2.286,2.54,3.4798,1.3462,3.4798,1,30,0
2.286,2.54,56.42,2.286,0.2032,62.31,4,5,-5.89,0.2032,0.762,2.286,0.2032,3.8608,2.6416,2.6416,1,30,1
1.6764,0.7112,66.38,2.286,0.2032,54.79,4,4,11.59,0.2032,1.143,1.6764,0.7112,2.413,3.0226,2.413,1,30,0
1.6764,0.7112,62.22,0.2032,1.6002,65.21,4,5,-2.99,1.6764,2.032,0.2032,1.6002,2.9464,2.413,2.413,2,10,1
1.9812,2.032,67.96,0.2032,1.6002,57.28,4,4,10.68,0.2032,0.762,1.9812,2.032,3.556,1.3462,3.556,1,20,0
1.9812,2.032,63.28,1.0668,0.2032,62.0,4,4,1.28,1.9812,0.2032,1.0668,0.2032,2.9464,1.4224,1.4224,3,20,1
1.9812,2.032,53.37,0.2032,1.9812,69.87,3,5,-16.5,1.0668,0.2032,0.2032,1.9812,3.2512,2.6416,2.6416,2,20,1
1.6764,0.7112,65.11,0.2032,1.9812,62.2,4,5,2.91,0.2032,0.762,1.6764,0.7112,2.032,1.7272,2.032,1,20,0
0.762,0.2032,66.89,0.2032,1.9812,54.47,5,4,12.42,1.0668,0.7112,0.762,0.2032,0.8128,2.6416,0.8128,3,20,0
0.762,0.2032,59.21,0.2032,1.6002,64.64,4,5,-5.43,2.54,1.143,0.2032,1.6002,2.7178,2.794,2.794,2,20,1
1.6764,0.7112,68.87,0.2032,1.6002,57.57,5,4,11.3,0.2032,1.143,1.6764,0.7112,2.413,0.9652,2.413,1,20,0
1.6764,0.7112,58.04,0.2032,1.9812,60.98,4,5,-2.94,0.762,2.54,0.2032,1.9812,3.2512,1.1176,1.1176,2,10,1
1.0668,2.54,65.05,0.2032,1.9812,52.39,5,4,12.66,0.2032,1.143,1.0668,2.54,2.2606,1.3462,2.2606,1,20,0
1.0668,2.54,56.21,1.6764,2.032,61.75,4,5,-5.54,0.2032,0.762,1.6764,2.032,2.6416,3.2512,3.2512,1,10,1
2.286,2.54,69.67,1.6764,2.032,56.41,5,4,13.26,0.2032,1.143,2.286,2.54,3.4798,2.8702,3.4798,1,30,0
2.286,2.54,61.24,0.762,0.2032,59.87,5,4,1.37,0.2032,0.762,0.762,0.2032,3.8608,1.1176,1.1176,1,10,1
2.286,2.54,54.28,1.0668,0.7112,66.93,4,5,-12.65,0.2032,0.762,1.0668,0.7112,3.8608,1.4224,1.4224,1,10,1
1.6764,0.2032,63.94,1.0668,0.7112,58.35,4,5,5.59,0.4572,0.2032,1.6764,0.2032,1.7272,1.1176,1.7272,3,20,0
1.6764,0.2032,57.94,1.9812,0.2032,64.95,4,5,-7.01,2.54,1.143,1.9812,0.2032,1.8034,1.4986,1.4986,3,10,1
0.2032,1.9812,64.85,1.9812,0.2032,55.6,4,4,9.25,0.4572,2.54,0.2032,1.9812,0.8128,3.8608,0.8128,2,30,0
0.2032,1.9812,60.53,2.54,1.6002,67.03,4,5,-6.5,1.9812,2.54,2.54,1.6002,2.3368,1.4986,1.4986,3,20,1
1.6764,2.54,64.75,2.54,1.6002,58.65,4,5,6.1,2.54,1.9812,1.6764,2.54,1.4224,0.889,1.4224,3,10,0
1.6764,2.54,60.23,2.286,2.54,65.4,4,5,-5.17,1.0668,2.032,2.286,2.54,1.1176,1.7272,1.7272,3,20,1
0.2032,1.9812,65.67,2.286,2.54,58.19,4,5,7.48,2.54,0.762,0.2032,1.9812,3.556,2.032,3.556,2,10,0
0.2032,1.9812,62.87,0.2032,1.6002,69.46,4,5,-6.59,0.4572,0.2032,0.2032,1.6002,2.032,1.651,1.651,2,20,1
0.2032,1.9812,76.33,0.2032,1.6002,60.62,5,4,15.71,1.6764,0.2032,0.2032,1.9812,3.2512,2.8702,3.2512,2,30,0
0.2032,1.9812,66.88,0.762,0.7112,66.73,4,5,0.15,0.2032,0.762,0.762,0.7112,1.7272,1.1176,1.1176,1,10,1
0.2032,1.9812,73.9,0.762,0.7112,57.73,5,4,16.17,1.6764,2.54,0.2032,1.9812,2.032,3.2512,2.032,2,20,0
0.2032,1.9812,66.27,1.6764,0.2032,65.66,4,5,0.61,0.2032,1.143,1.6764,0.2032,1.3462,2.413,2.413,1,30,1
0.2032,1.9812,60.37,0.2032,1.9812,73.84,4,5,-13.47,2.286,2.54,0.2032,1.9812,2.6416,2.6416,2.6416,2,10,1
0.2032,1.9812,69.32,0.2032,1.9812,69.01,4,5,0.31,2.54,1.9812,0.2032,1.9812,2.9464,2.9464,2.9464,2,10,0
0.2032,1.9812,64.03,0.2032,1.9812,70.03,4,5,-6.0,0.762,2.54,0.2032,1.9812,1.1176,1.1176,1.1176,2,20,1
1.9812,2.54,71.0,0.2032,1.9812,63.58,5,5,7.42,0.2032,0.762,1.9812,2.54,3.556,1.7272,3.556,1,10,0
1.9812,2.54,65.31,1.6764,0.7112,71.87,4,6,-6.56,1.6764,2.54,1.6764,0.7112,0.8128,2.9464,2.9464,3,10,1
0.2032,1.9812,67.54,1.6764,0.7112,65.67,5,5,1.87,1.9812,2.54,0.2032,1.9812,2.3368,3.2512,2.3368,2,20,0
0.2032,1.9812,69.63,1.6764,0.7112,57.43,5,4,12.2,0.762,2.54,0.2032,1.9812,1.1176,3.2512,1.1176,2,30,0
0.2032,1.9812,65.56,0.2032,1.6002,66.43,5,5,-0.87,1.0668,2.032,0.2032,1.6002,1.4224,1.8034,1.8034,2,20,1
1.6764,2.032,66.58,0.2032,1.6002,59.11,5,4,7.47,1.0668,2.54,1.6764,2.032,1.1176,1.8034,1.1176,3,20,0
1.6764,2.032,60.68,1.0668,0.2032,64.75,5,5,-4.07,0.2032,0.762,1.0668,0.2032,3.2512,1.4224,1.4224,1,30,1
0.2032,1.6002,60.63,1.0668,0.2032,53.47,5,4,7.16,0.762,2.032,0.2032,1.6002,1.4986,3.2512,1.4986,2,10,0
0.2032,1.6002,57.17,0.762,0.2032,69.64,5,5,-12.47,1.6764,2.032,0.762,0.2032,2.413,3.2512,3.2512,3,10,1
0.2032,1.9812,63.53,0.762,0.2032,59.67,6,4,3.86,0.4572,0.2032,0.2032,1.9812,2.032,0.8128,2.032,2,20,0
0.2032,1.9812,57.43,1.6764,0.7112,70.24,5,5,-12.81,0.762,2.032,1.6764,0.7112,1.1176,3.2512,3.2512,3,10,1
2.54,1.9812,64.55,1.6764,0.7112,62.72,5,4,1.83,1.6764,0.2032,2.54,1.9812,2.6416,0.508,2.6416,3,20,0
2.54,1.9812,58.81,0.762,2.032,72.69,5,5,-13.88,0.2032,0.762,0.762,2.032,3.556,2.3368,2.3368,1,20,1
1.9812,2.032,71.46,0.762,2.032,63.08,5,4,8.38,0.2032,0.762,1.9812,2.032,3.556,2.3368,3.556,1,30,0
1.9812,2.032,63.22,1.9812,0.7112,71.62,4,5,-8.4,0.762,0.7112,1.9812,0.7112,3.556,1.7272,1.7272,3,10,1
1.9812,2.54,79.38,1.9812,0.7112,64.4,5,4,14.98,1.0668,0.7112,1.9812,2.54,3.2512,1.4224,3.2512,3,10,0
1.9812,2.54,68.95,0.762,0.2032,71.91,4,5,-2.96,0.2032,1.143,0.762,0.2032,3.175,1.4986,1.4986,1,20,1
1.9812,2.54,61.28,2.54,1.9812,78.27,4,5,-16.99,0.2032,0.762,2.54,1.9812,3.556,3.556,3.556,1,10,1
0.2032,1.6002,71.84,2.54,1.9812,72.37,4,5,-0.53,1.0668,0.2032,0.2032,1.6002,2.2606,3.2512,2.2606,2,30,0
1.6764,0.2032,80.28,2.54,1.9812,65.36,5,5,14.92,0.2032,1.143,1.6764,0.2032,2.413,3.175,2.413,1,30,0
1.6764,0.2032,69.0,1.9812,0.7112,75.93,4,5,-6.93,0.2032,1.143,1.9812,0.7112,2.413,2.7178,2.7178,1,30,1
