batch_id,group_id,task_id,task_pl_node,task_dl_node,batch_position,batch_size,r1_next_x,r1_next_y,r1_tuf,r2_next_x,r2_next_y,r2_tuf,r1_queue_length,r2_queue_length,tuf_difference,task_pl_x,task_pl_y,task_dl_x,task_dl_y,r1_dist_to_pickup,r2_dist_to_pickup,task_dist_to_dropoff,task_type,pickup_time,dropoff_time,deadline,assigned_robot,sequence_rank,group_size,avg_pickup_distance_to_others,nearest_pickup_distance,avg_dropoff_to_pickup_distance,nearest_dropoff_to_pickup_distance,assigned_robot_tuf,other_robot_tuf,assigned_robot_queue_length,other_robot_queue_length,assigned_robot_dist_to_pickup,other_robot_dist_to_pickup,assigned_queue_minus_other_queue,assigned_tuf_minus_other_tuf,pickup_distance_advantage,total_direct_task_distance,total_direct_task_time,estimated_completion_time,deadline_margin,deadline_margin_difference,estimated_lateness_if_next,deadline_margin_ratio,urgency_per_meter,queue_context_load,best_successor_distance,average_successor_distance,best_predecessor_distance,average_predecessor_distance,best_successor_time,average_successor_time,best_predecessor_time,average_predecessor_time,current_base_to_pickup,current_base_to_pickup_time,finish_if_next,finish_if_last,remaining_queue_time_after_task,future_transition_cost,predecessor_transition_cost,finish_position_span,rank_label
B00001,B00001_R1,1,Yellow_1,Gate_4,1,1,1.3716,0.2032,0.0,1.3716,2.54,0.0,0,0,0.0,0.4572,0.2032,0.2032,1.9812,1.4224,3.2512,2.032,2,3,3,300,0,1,1,0.0,0.0,0.0,0.0,0.0,0.0,0,0,1.4224,3.2512,0,0.0,1.8287999999999998,3.4544,19.635968894327558,19.635968894327558,280.36403110567244,0.0,0.0,0.9345467703522414,86.84576192681797,0.0,0.0,0.0,0.0,0.0,0.0,0.0,0.0,0.0,1.4224,5.614810721193701,19.635968894327558,14.021158173133857,0.0,0.0,0.0,-5.614810721193701,0
B00002,B00002_R2,2,Gate_1,Orange_5,1,1,0.2032,1.9812,10.02,1.3716,2.54,0.0,1,0,10.02,0.2032,0.762,1.9812,2.032,1.7272,2.9464,3.556,1,3,3,300,1,1,1,0.0,0.0,0.0,0.0,0.0,10.02,0,1,2.9464,1.7272,-1,-10.02,-1.2192,6.5024,31.66770615402834,31.66770615402834,268.33229384597166,0.0,0.0,0.8944409794865722,46.13681102362205,0.0,0.0,0.0,0.0,0.0,0.0,0.0,0.0,0.0,2.9464,11.630679351044094,31.66770615402834,20.03702680298425,0.0,0.0,0.0,-11.63067935104409,0
B00003,B00003_R1,3,Yellow_3,Orange_2,1,1,0.2032,1.9812,0.0,1.9812,2.032,22.54,0,1,-22.54,1.0668,0.2032,1.9812,2.54,2.6416,3.2512,3.2512,3,3,3,300,0,1,1,0.0,0.0,0.0,0.0,0.0,22.54,0,1,2.6416,3.2512,-1,-22.54,0.6095999999999999,5.892799999999999,29.261358702088184,29.261358702088184,270.73864129791184,0.0,0.0,0.9024621376597062,50.90958457778985,0.0,0.0,0.0,0.0,0.0,0.0,0.0,0.0,0.0,2.6416,10.427505625074014,29.261358702088184,18.83385307701417,0.0,0.0,0.0,-10.427505625074016,0
B00004,B00004_R2,4,Gate_1,Purple_2,1,1,1.9812,2.54,18.07,1.9812,2.032,12.73,1,1,5.35,0.2032,0.762,0.762,2.54,3.556,3.556,2.3368,1,3,3,300,1,1,1,0.0,0.0,0.0,0.0,12.73,18.07,1,1,3.556,3.556,0,-5.34,0.0,5.8928,29.261358702088188,41.99135870208819,258.0086412979118,0.0,0.0,0.8600288043263727,50.90958457778984,13.73,0.0,0.0,0.0,0.0,0.0,0.0,0.0,0.0,3.556,14.03702680298425,41.99135870208819,27.954331899103934,0.0,0.0,0.0,-14.037026802984258,0
B00005,B00005_R1,5,Yellow_1,Gate_3,1,1,1.9812,2.54,9.12,0.762,2.54,29.26,1,1,-20.15,0.4572,0.2032,0.2032,1.6002,3.8608,2.6416,1.651,2,3,3,300,0,1,1,0.0,0.0,0.0,0.0,9.12,29.26,1,1,3.8608,2.6416,0,-20.14,-1.2191999999999998,5.5118,27.757391544625587,36.87739154462559,263.1226084553744,0.0,0.0,0.8770753615179147,54.428680285932,10.12,0.0,0.0,0.0,0.0,0.0,0.0,0.0,0.0,3.8608,15.240200528954327,36.87739154462559,21.637191015671256,0.0,0.0,0.0,-15.240200528954333,0
B00006,B00006_R2,6,Orange_1,Gate_4,1,1,0.2032,1.6002,25.55,0.762,2.54,21.34,1,1,4.21,1.6764,2.54,0.2032,1.9812,2.413,1.4224,2.032,2,3,3,300,1,1,1,0.0,0.0,0.0,0.0,21.34,25.55,1,1,1.4224,2.413,0,-4.210000000000001,0.9905999999999997,3.4544,19.635968894327558,40.97596889432756,259.02403110567246,0.0,0.0,0.8634134370189082,86.84576192681797,22.34,0.0,0.0,0.0,0.0,0.0,0.0,0.0,0.0,1.4224,5.614810721193701,40.97596889432756,35.36115817313386,0.0,0.0,0.0,-5.614810721193699,0
B00007,B00007_R1,7,Purple_4,Gate_3,1,1,0.2032,1.6002,16.23,0.2032,1.9812,30.86,1,2,-14.63,0.762,2.032,0.2032,1.6002,1.4986,1.1176,1.4986,2,3,3,300,0,1,1,0.0,0.0,0.0,0.0,16.23,30.86,1,2,1.4986,1.1176,-1,-14.629999999999999,-0.381,2.9972,17.83120830537244,34.06120830537244,265.9387916946276,0.0,0.0,0.886462638982092,100.0934205258241,17.23,0.0,0.0,0.0,0.0,0.0,0.0,0.0,0.0,1.4986,5.915604152686219,34.06120830537244,28.145604152686218,0.0,0.0,0.0,-5.915604152686221,0
B00008,B00008_R2,6,Orange_1,Gate_4,1,2,0.2032,1.6002,23.64,0.2032,1.9812,19.64,2,1,4.0,1.6764,2.54,0.2032,1.9812,2.413,2.032,2.032,2,3,3,300,1,1,2,2.9463999999999997,2.9463999999999997,3.2512,3.2512,19.64,23.64,1,2,2.032,2.413,-1,-4.0,0.3809999999999998,4.064,22.042316346267715,41.68231634626771,258.3176836537323,9.625389807760598,0.0,0.8610589455124409,73.81889763779527,20.64,3.2512,3.2512,2.032,2.032,12.83385307701417,12.83385307701417,8.021158173133857,8.021158173133857,2.032,8.021158173133857,41.68231634626771,73.35002250029605,44.50155923104251,12.83385307701417,8.021158173133857,31.667706154028338,1
B00008,B00008_R2,8,Green_1,Gate_4,2,2,0.2032,1.6002,23.64,0.2032,1.9812,19.64,2,1,4.0,1.6764,0.2032,0.2032,1.9812,2.8702,3.2512,3.2512,2,3,3,300,1,2,2,2.9463999999999997,2.9463999999999997,2.032,2.032,19.64,23.64,1,2,3.2512,2.8702,-1,-4.0,-0.3809999999999998,6.5024,31.66770615402834,51.30770615402834,248.69229384597168,0.0,0.0,0.8289743128199056,46.13681102362205,20.64,2.032,2.032,3.2512,3.2512,8.021158173133857,8.021158173133857,12.83385307701417,12.83385307701417,3.2512,12.83385307701417,51.30770615402834,73.35002250029605,30.063474519401574,8.021158173133857,12.83385307701417,22.04231634626771,0
B00009,B00009_R1,9,Gate_2,Yellow_4,1,1,0.2032,1.6002,12.92,0.2032,1.9812,41.69,1,2,-28.77,0.2032,1.143,0.762,0.7112,0.9652,1.3462,1.4986,1,3,3,300,0,1,1,0.0,0.0,0.0,0.0,12.92,41.69,1,2,0.9652,1.3462,-1,-28.769999999999996,0.3810000000000001,2.4638,15.725654284924802,28.645654284924802,271.35434571507517,0.0,0.0,0.9045144857169173,121.7631301241984,13.92,0.0,0.0,0.0,0.0,0.0,0.0,0.0,0.0,0.9652,3.810050132238582,28.645654284924802,24.83560415268622,0.0,0.0,0.0,-3.810050132238583,0
B00010,B00010_R1,9,Gate_2,Yellow_4,1,2,0.762,0.7112,15.73,0.2032,1.9812,31.67,1,1,-15.94,0.2032,1.143,0.762,0.7112,1.4986,1.3462,1.4986,1,3,3,300,0,1,2,0.0,0.0,1.4986,1.4986,15.73,31.67,1,1,1.4986,1.3462,0,-15.940000000000001,-0.15239999999999987,2.9972,17.83120830537244,33.56120830537244,266.4387916946276,4.812694903880356,0.0,0.8881293056487586,100.0934205258241,16.73,1.4986,1.4986,2.7178,2.7178,5.915604152686219,5.915604152686219,10.728299056566534,10.728299056566534,1.4986,5.915604152686219,33.56120830537244,61.017806418505515,28.559507361938977,5.915604152686219,10.728299056566534,27.456598113133076,1
B00010,B00010_R1,10,Gate_2,Green_2,2,2,0.762,0.7112,15.73,0.2032,1.9812,31.67,1,1,-15.94,0.2032,1.143,1.9812,0.2032,1.4986,1.3462,2.7178,1,3,3,300,0,2,2,0.0,0.0,2.7178,2.7178,15.73,31.67,1,1,1.4986,1.3462,0,-15.940000000000001,-0.15239999999999987,4.2164,22.643903209252755,38.37390320925276,261.6260967907472,0.0,0.0,0.8720869893024907,71.15074471112797,16.73,2.7178,2.7178,1.4986,1.4986,10.728299056566534,10.728299056566534,5.915604152686219,5.915604152686219,1.4986,5.915604152686219,38.37390320925276,56.2051115146252,28.559507361938977,10.728299056566534,5.915604152686219,17.831208305372442,0
B00011,B00011_R2,11,Gate_1,Orange_7,1,1,1.9812,0.2032,31.56,0.2032,1.9812,21.04,2,1,10.52,0.2032,0.762,2.54,1.6002,2.3368,1.7272,3.175,1,3,3,300,1,1,1,0.0,0.0,0.0,0.0,21.04,31.56,1,2,1.7272,2.3368,-1,-10.52,0.6096000000000001,4.9022,25.351044092685427,46.391044092685426,253.60895590731457,0.0,0.0,0.8453631863577152,61.19701358573702,22.04,0.0,0.0,0.0,0.0,0.0,0.0,0.0,0.0,1.7272,6.817984447163779,46.391044092685426,39.57305964552165,0.0,0.0,0.0,-6.817984447163774,0
B00012,B00012_R1,12,Green_3,Gate_3,1,1,1.9812,0.2032,21.64,2.54,1.6002,36.27,1,2,-14.63,2.286,0.2032,0.2032,1.6002,0.8128,1.651,3.4798,2,3,3,300,0,1,1,0.0,0.0,0.0,0.0,21.64,36.27,1,2,0.8128,1.651,-1,-14.630000000000003,0.8382000000000001,4.2926,22.944696640745274,44.58469664074528,255.41530335925472,0.0,0.0,0.8513843445308491,69.88771373992452,22.64,0.0,0.0,0.0,0.0,0.0,0.0,0.0,0.0,0.8128,3.2084632692535426,44.58469664074528,41.37623337149173,0.0,0.0,0.0,-3.2084632692535493,0
B00013,B00013_R2,11,Gate_1,Orange_7,1,2,0.2032,1.6002,35.67,2.54,1.6002,25.35,2,1,10.32,0.2032,0.762,2.54,1.6002,1.3462,3.175,3.175,1,3,3,300,1,1,2,0.889,0.889,2.794,2.794,25.35,35.67,1,2,3.175,1.3462,-1,-10.32,-1.8287999999999998,6.35,31.0661192910433,56.4161192910433,243.5838807089567,0.0,0.0,0.8119462690298557,47.24409448818898,26.35,2.794,2.794,3.556,3.556,11.029092488059053,11.029092488059053,14.03702680298425,14.03702680298425,3.175,12.53305964552165,56.4161192910433,87.4822385820866,40.59124462163976,11.029092488059053,14.03702680298425,31.066119291043293,1
B00013,B00013_R2,13,Gate_2,Orange_2,2,2,0.2032,1.6002,35.67,2.54,1.6002,25.35,2,1,10.32,0.2032,1.143,1.9812,2.54,0.9652,2.794,3.175,1,3,3,300,1,2,2,0.889,0.889,3.556,3.556,25.35,35.67,1,2,2.794,0.9652,-1,-10.32,-1.8288000000000002,5.968999999999999,29.562152133580703,54.912152133580705,245.08784786641928,1.5039671574625686,0.0,0.8169594928880642,50.25967498743508,26.35,3.556,3.556,2.794,2.794,14.03702680298425,14.03702680298425,11.029092488059053,11.029092488059053,2.794,11.029092488059053,54.912152133580705,85.978271424624,45.10314609402755,14.03702680298425,11.029092488059053,31.066119291043293,0
B00014,B00014_R1,12,Green_3,Gate_3,1,2,0.2032,1.6002,22.94,1.9812,2.54,45.42,1,2,-22.47,2.286,0.2032,0.2032,1.6002,3.4798,2.6416,3.4798,2,3,3,300,0,1,2,2.032,2.032,1.9558,1.9558,22.94,45.42,1,2,3.4798,2.6416,-1,-22.48,-0.8382000000000001,6.9596,33.47246674298346,56.412466742983455,243.58753325701656,0.0,0.0,0.8119584441900553,43.10592562790965,23.94,1.9558,1.9558,3.4798,3.4798,7.720364741641338,7.720364741641338,13.73623337149173,13.73623337149173,3.4798,13.73623337149173,56.412466742983455,77.85319622626614,29.16109422492401,7.720364741641338,13.73623337149173,21.44072948328268,1
B00014,B00014_R1,14,Yellow_2,Gate_3,2,2,0.2032,1.6002,22.94,1.9812,2.54,45.42,1,2,-22.47,0.762,0.2032,0.2032,1.6002,1.9558,3.556,1.9558,2,3,3,300,0,2,2,2.032,2.032,3.4798,3.4798,22.94,45.42,1,2,1.9558,3.556,-1,-22.48,1.6002,3.9116,21.440729483282674,44.38072948328268,255.61927051671734,12.031737259700776,0.0,0.8520642350557245,76.69495858472237,23.94,3.4798,3.4798,1.9558,1.9558,13.73623337149173,13.73623337149173,7.720364741641338,7.720364741641338,1.9558,7.720364741641338,44.38072948328268,77.85319622626612,47.208700114475185,13.73623337149173,7.720364741641338,33.47246674298344,0
B00015,B00015_R1,15,Purple_3,Yellow_4,1,2,0.2032,1.6002,35.97,1.9812,2.54,37.17,2,2,-1.2,1.0668,2.54,0.762,0.7112,1.8034,1.4224,3.2512,3,3,3,300,0,1,2,3.2512,3.2512,0.508,0.508,35.97,37.17,2,2,1.8034,1.4224,0,-1.2000000000000028,-0.3809999999999998,5.0546,25.952630955670468,61.92263095567047,238.07736904432954,0.0,0.0,0.7935912301477651,59.35187749772485,37.97,0.508,0.508,1.8034,1.8034,2.0052895432834643,2.0052895432834643,7.118777878656298,7.118777878656298,1.8034,7.118777878656298,61.92263095567047,83.36336043895314,23.446019026566134,2.0052895432834643,7.118777878656298,21.440729483282666,1
B00015,B00015_R1,14,Yellow_2,Gate_3,2,2,0.2032,1.6002,35.97,1.9812,2.54,37.17,2,2,-1.2,0.762,0.2032,0.2032,1.6002,1.9558,3.556,1.9558,2,3,3,300,0,2,2,3.2512,3.2512,1.8034,1.8034,35.97,37.17,2,2,1.9558,3.556,0,-1.2000000000000028,1.6002,3.9116,21.440729483282674,57.41072948328267,242.58927051671733,4.511901472387791,0.0,0.8086309017223912,76.69495858472237,37.97,1.8034,1.8034,0.508,0.508,7.118777878656298,7.118777878656298,2.0052895432834643,2.0052895432834643,1.9558,7.720364741641338,57.41072948328267,77.64828524059527,33.07140883432676,7.118777878656298,2.0052895432834643,20.2375557573126,0
B00016,B00016_R2,16,Gate_2,Purple_1,1,1,0.2032,1.6002,45.68,1.9812,2.54,26.75,3,1,18.93,0.2032,1.143,0.4572,2.54,0.9652,3.175,1.651,1,3,3,300,1,1,1,0.0,0.0,0.0,0.0,26.75,45.68,1,3,3.175,0.9652,-2,-18.93,-2.2098,4.826,25.05025066119291,51.800250661192905,248.1997493388071,0.0,0.0,0.8273324977960237,62.16328222130129,27.75,0.0,0.0,0.0,0.0,0.0,0.0,0.0,0.0,3.175,12.53305964552165,51.800250661192905,39.26719101567126,0.0,0.0,0.0,-12.533059645521647,0
B00017,B00017_R1,14,Yellow_2,Gate_3,1,2,0.2032,1.6002,35.56,0.4572,2.54,40.58,2,2,-5.02,0.762,0.2032,0.2032,1.6002,1.9558,2.6416,1.9558,2,3,3,300,0,1,2,1.4986,1.4986,0.9652,0.9652,35.56,40.58,2,2,1.9558,2.6416,0,-5.019999999999996,0.6858,3.9116,21.440729483282674,57.000729483282676,242.99927051671733,0.9023802944775525,0.0,0.8099975683890578,76.69495858472237,37.56,0.9652,0.9652,3.556,3.556,3.810050132238582,3.810050132238582,14.03702680298425,14.03702680298425,1.9558,7.720364741641338,57.000729483282676,85.66050132238581,26.153159909998816,3.810050132238582,14.03702680298425,28.659771839103136,1
B00017,B00017_R1,17,Gate_2,Orange_6,2,2,0.2032,1.6002,35.56,0.4572,2.54,40.58,2,2,-5.02,0.2032,1.143,2.54,1.9812,0.9652,1.651,3.175,1,3,3,300,0,2,2,1.4986,1.4986,3.556,3.556,35.56,40.58,2,2,0.9652,1.651,0,-5.019999999999996,0.6858000000000001,4.1402,22.343109777760233,57.903109777760235,242.09689022223978,0.0,0.0,0.8069896340741326,72.46026761992174,37.56,3.556,3.556,0.9652,0.9652,14.03702680298425,14.03702680298425,3.810050132238582,3.810050132238582,0.9652,3.810050132238582,57.903109777760235,79.3438392610429,35.477756286266924,14.03702680298425,3.810050132238582,21.440729483282666,0
B00018,B00018_R2,18,Orange_3,Gate_3,1,2,2.54,1.9812,47.79,0.4572,2.54,30.26,3,2,17.53,2.286,2.54,0.2032,1.6002,0.8128,2.3368,3.0226,2,3,3,300,1,1,2,3.4798,3.4798,0.9652,0.9652,30.26,47.79,2,3,2.3368,0.8128,-1,-17.529999999999998,-1.5240000000000002,5.359400000000001,27.15580468164055,57.41580468164055,242.58419531835943,0.0,0.0,0.8086139843945315,55.976415270366076,32.260000000000005,0.9652,0.9652,2.3367999999999998,2.3367999999999998,3.810050132238582,3.810050132238582,9.224331899103934,9.224331899103934,2.3368,9.224331899103936,57.41580468164055,76.45018671298307,22.844432163581097,3.810050132238582,9.224331899103934,19.034382031342517,1
B00018,B00018_R2,16,Gate_2,Purple_1,2,2,2.54,1.9812,47.79,0.4572,2.54,30.26,3,2,17.53,0.2032,1.143,0.4572,2.54,3.175,1.651,1.651,1,3,3,300,1,2,2,3.4798,3.4798,2.3367999999999998,2.3367999999999998,30.26,47.79,2,3,1.651,3.175,-1,-17.529999999999998,1.5239999999999998,3.302,19.034382031342517,49.29438203134252,250.70561796865746,8.12142265029803,0.0,0.8356853932288583,90.85402786190187,32.260000000000005,2.3367999999999998,2.3367999999999998,0.9652,0.9652,9.224331899103934,9.224331899103934,3.810050132238582,3.810050132238582,1.651,6.517191015671259,49.29438203134252,73.7430458295504,36.38013658074448,9.224331899103934,3.810050132238582,24.448663798207875,0
B00019,B00019_R2,16,Gate_2,Purple_1,1,2,2.54,1.9812,37.07,0.4572,2.54,32.38,2,2,4.69,0.2032,1.143,0.4572,2.54,3.175,1.651,1.651,1,3,3,300,1,1,2,1.651,1.651,0.0,0.0,32.38,37.07,2,2,1.651,3.175,0,-4.689999999999998,1.5239999999999998,3.302,19.034382031342517,51.41438203134252,248.5856179686575,0.0,0.0,0.8286187265621916,90.85402786190187,34.38,0.0,0.0,1.3461999999999998,1.3461999999999998,0.0,0.0,5.314017289701179,5.314017289701179,1.651,6.517191015671259,51.41438203134252,59.41967157462598,9.208463269253542,0.0,5.314017289701179,8.00528954328346,1
B00019,B00019_R2,19,Purple_1,Gate_4,2,2,2.54,1.9812,37.07,0.4572,2.54,32.38,2,2,4.69,0.4572,2.54,0.2032,1.9812,2.6416,0.0,0.8128,2,3,3,300,1,2,2,1.651,1.651,1.3461999999999998,1.3461999999999998,32.38,37.07,2,2,0.0,2.6416,0,-4.689999999999998,2.6416,0.8128,9.208463269253542,41.588463269253545,258.41153673074643,9.825918762088946,0.0,0.8613717891024881,369.0944881889764,34.38,1.3461999999999998,1.3461999999999998,0.0,0.0,5.314017289701179,5.314017289701179,0.0,0.0,0.0,0.0,41.588463269253545,60.62284530059606,24.348399321043697,5.314017289701179,0.0,19.034382031342517,0
B00020,B00020_R2,16,Gate_2,Purple_1,1,3,2.54,1.9812,28.15,0.2032,1.9812,33.15,2,3,-5.0,0.2032,1.143,0.4572,2.54,3.175,1.3462,1.651,1,3,3,300,1,1,3,1.27,0.889,1.016,0.0,33.15,28.15,3,2,1.3462,3.175,1,5.0,1.8287999999999998,2.9972000000000003,17.831208305372442,50.98120830537244,249.01879169462757,9.023802944775582,0.0,0.8300626389820919,100.09342052582409,36.15,0.0,1.016,1.3461999999999998,2.2605999999999997,0.0,4.010579086566929,5.314017289701179,8.923538467611415,1.3462,5.31401728970118,50.98120830537244,90.25314609402754,47.293095961788964,4.010579086566929,8.923538467611415,39.2719377886551,2
B00020,B00020_R2,19,Purple_1,Gate_4,2,3,2.54,1.9812,28.15,0.2032,1.9812,33.15,2,3,-5.0,0.4572,2.54,0.2032,1.9812,2.6416,0.8128,0.8128,2,3,3,300,1,2,3,1.8415,1.651,1.5366999999999997,1.3461999999999998,33.15,28.15,3,2,0.8128,2.6416,1,5.0,1.8288,1.6256,12.416926538507084,45.56692653850708,254.4330734614929,14.438084711640926,0.0,0.848110244871643,184.5472440944882,36.15,1.3461999999999998,1.5366999999999997,0.0,1.016,5.314017289701179,6.066000868432479,0.0,4.010579086566929,0.8128,3.2084632692535426,45.56692653850708,87.04468282477401,56.818221292385424,6.066000868432479,4.010579086566929,41.47775628626693,1
B00020,B00020_R2,20,Gate_1,Orange_5,3,3,2.54,1.9812,28.15,0.2032,1.9812,33.15,2,3,-5.0,0.2032,0.762,1.9812,2.032,3.556,1.7272,3.556,1,3,3,300,1,3,3,1.4605000000000001,0.889,2.6035,2.032,33.15,28.15,3,2,1.7272,3.556,1,5.0,1.8288,5.2832,26.855011250148028,60.00501125014803,239.99498874985198,0.0,0.0,0.79998329583284,56.78376741368867,36.15,2.032,2.6035,1.7271999999999998,1.8796,8.021158173133857,10.277108909327755,6.817984447163778,7.419571310148818,1.7272,6.817984447163779,60.00501125014803,90.25314609402756,50.80235266253503,10.277108909327755,7.419571310148818,30.248134843879527,0
B00021,B00021_R1,21,Yellow_2,Purple_3,1,1,2.54,1.9812,16.81,1.9812,2.032,48.22,1,3,-31.41,0.762,0.2032,1.0668,2.54,3.556,3.556,3.2512,3,3,3,300,0,1,1,0.0,0.0,0.0,0.0,16.81,48.22,1,3,3.556,3.556,-2,-31.41,0.0,6.8072,32.87087987999842,49.680879879998415,250.31912012000157,0.0,0.0,0.8343970670666719,44.07098366435539,17.81,0.0,0.0,0.0,0.0,0.0,0.0,0.0,0.0,3.556,14.03702680298425,49.680879879998415,35.64385307701417,0.0,0.0,0.0,-14.037026802984244,0
B00022,B00022_R2,19,Purple_1,Gate_4,1,3,1.0668,2.54,41.99,1.9812,2.032,36.06,2,2,5.92,0.4572,2.54,0.2032,1.9812,1.1176,2.032,0.8128,2,3,3,300,1,1,3,3.0987999999999998,2.032,2.7939999999999996,1.7271999999999998,36.06,41.99,2,2,2.032,1.1176,0,-5.93,-0.9144000000000001,2.8448,17.2296214423874,53.2896214423874,246.71037855761261,16.844432163581132,0.0,0.8223679285253754,105.45556805399325,38.06,1.7271999999999998,2.7939999999999996,0.8128,1.4224,6.817984447163778,11.029092488059053,3.2084632692535426,5.6148107211937,2.032,8.021158173133857,53.2896214423874,114.21868629850393,87.79994473611495,11.029092488059053,5.6148107211937,60.929064856116526,2
B00022,B00022_R2,20,Gate_1,Orange_5,2,3,1.0668,2.54,41.99,1.9812,2.032,36.06,2,2,5.92,0.2032,0.762,1.9812,2.032,2.6416,3.556,3.556,1,3,3,300,1,2,3,2.3368,2.032,2.3368,2.032,36.06,41.99,2,2,3.556,2.6416,0,-5.93,-0.9144000000000001,7.112,34.0740536059685,70.1340536059685,229.86594639403148,0.0,0.0,0.7662198213134382,42.1822272215973,38.06,2.032,2.3368,1.7271999999999998,2.032,8.021158173133857,9.224331899103936,6.817984447163778,8.021158173133855,3.556,14.03702680298425,70.1340536059685,111.81233884656376,67.34599139462361,9.224331899103936,8.021158173133855,41.67828524059526,1
B00022,B00022_R2,22,Green_3,Purple_4,3,3,1.0668,2.54,41.99,1.9812,2.032,36.06,2,2,5.92,2.286,0.2032,0.762,2.032,3.556,2.6416,3.8608,3,3,3,300,1,3,3,3.4036,2.6416,1.5747999999999998,0.8128,36.06,41.99,2,2,2.6416,3.556,0,-5.93,0.9144000000000001,6.5024,31.66770615402834,67.72770615402834,232.27229384597166,2.406347451940178,0.0,0.7742409794865722,46.13681102362205,38.06,0.8128,1.5747999999999998,2.6416,3.2512,3.2084632692535426,6.216397584178738,10.427505625074014,12.83385307701417,2.6416,10.427505625074014,67.72770615402834,119.03138120238424,63.73647021671337,6.216397584178738,12.83385307701417,51.3036750483559,0
B00023,B00023_R1,23,Gate_2,Purple_2,1,1,1.0668,2.54,30.36,0.762,2.032,58.52,1,2,-28.16,0.2032,1.143,0.762,2.54,2.2606,1.9558,1.9558,1,3,3,300,0,1,1,0.0,0.0,0.0,0.0,30.36,58.52,1,2,2.2606,1.9558,-1,-28.160000000000004,-0.3048000000000002,4.2164,22.643903209252755,53.003903209252755,246.99609679074723,0.0,0.0,0.8233203226358241,71.15074471112797,31.36,0.0,0.0,0.0,0.0,0.0,0.0,0.0,0.0,2.2606,8.923538467611417,53.003903209252755,44.08036474164133,0.0,0.0,0.0,-8.923538467611422,0
B00024,B00024_R1,24,Orange_4,Gate_4,1,2,0.762,2.54,42.48,0.762,2.032,49.5,2,2,-7.02,1.6764,2.032,0.2032,1.9812,1.4224,1.4224,2.032,2,3,3,300,0,1,2,2.8702,2.8702,1.3461999999999998,1.3461999999999998,42.48,49.5,2,2,1.4224,1.4224,0,-7.020000000000003,0.0,3.4544,19.635968894327558,62.11596889432755,237.88403110567245,1.8047605889551335,0.0,0.7929467703522415,86.84576192681797,44.48,1.3461999999999998,1.3461999999999998,1.4223999999999999,1.4223999999999999,5.314017289701179,5.314017289701179,5.6148107211937,5.6148107211937,1.4224,5.614810721193701,62.11596889432755,83.55669837761023,26.75474677298385,5.314017289701179,5.6148107211937,21.44072948328268,1
B00024,B00024_R1,23,Gate_2,Purple_2,2,2,0.762,2.54,42.48,0.762,2.032,49.5,2,2,-7.02,0.2032,1.143,0.762,2.54,1.9558,1.9558,1.9558,1,3,3,300,0,2,2,2.8702,2.8702,1.4223999999999999,1.4223999999999999,42.48,49.5,2,2,1.9558,1.9558,0,-7.020000000000003,0.0,3.9116,21.440729483282674,63.92072948328267,236.07927051671732,0.0,0.0,0.786930901722391,76.69495858472237,44.48,1.4223999999999999,1.4223999999999999,1.3461999999999998,1.3461999999999998,5.6148107211937,5.6148107211937,5.314017289701179,5.314017289701179,1.9558,7.720364741641338,63.92072948328267,81.15035092567007,25.250779615521253,5.6148107211937,5.314017289701179,17.229621442387398,0
B00025,B00025_R2,22,Green_3,Purple_4,1,2,0.762,2.54,47.18,0.762,2.032,40.78,3,2,6.4,2.286,0.2032,0.762,2.032,3.8608,3.8608,3.8608,3,3,3,300,1,1,2,2.6416,2.6416,2.3367999999999998,2.3367999999999998,40.78,47.18,2,3,3.8608,3.8608,-1,-6.399999999999999,0.0,7.7216,36.48040105790865,77.26040105790865,222.73959894209133,0.0,0.0,0.7424653298069711,38.852051388313306,42.78,2.3367999999999998,2.3367999999999998,1.651,1.651,9.224331899103934,9.224331899103934,6.517191015671259,6.517191015671259,3.8608,15.240200528954327,77.26040105790865,96.29478308925118,36.98172344372952,9.224331899103934,6.517191015671259,19.03438203134253,1
B00025,B00025_R2,25,Gate_1,Orange_7,2,2,0.762,2.54,47.18,0.762,2.032,40.78,3,2,6.4,0.2032,0.762,2.54,1.6002,2.3368,2.3368,3.175,1,3,3,300,1,2,2,2.6416,2.6416,1.651,1.651,40.78,47.18,2,3,2.3368,2.3368,-1,-6.399999999999999,0.0,5.5118,27.757391544625587,68.53739154462559,231.4626084553744,8.723009513283074,0.0,0.7715420281845814,54.428680285932,42.78,1.651,1.651,2.3367999999999998,2.3367999999999998,6.517191015671259,6.517191015671259,9.224331899103934,9.224331899103934,2.3368,9.224331899103936,68.53739154462559,105.01779260253423,42.99759207357991,6.517191015671259,9.224331899103934,36.48040105790864,0
B00026,B00026_R1,26,Orange_7,Gate_4,1,2,0.762,2.54,36.46,2.54,1.6002,57.22,2,2,-20.75,2.54,1.6002,0.2032,1.9812,2.7178,0.0,2.7178,2,3,3,300,0,1,2,2.794,2.794,1.3461999999999998,1.3461999999999998,36.46,57.22,2,2,2.7178,0.0,0,-20.759999999999998,-2.7178,5.4356,27.45659811313307,63.91659811313307,236.08340188686694,0.0,0.0,0.7869446729562232,55.19169916844507,38.46,1.3461999999999998,1.3461999999999998,2.7178,2.7178,5.314017289701179,5.314017289701179,10.728299056566534,10.728299056566534,2.7178,10.728299056566534,63.91659811313307,85.35732759641573,26.754746772983854,5.314017289701179,10.728299056566534,21.44072948328266,1
B00026,B00026_R1,23,Gate_2,Purple_2,2,2,0.762,2.54,36.46,2.54,1.6002,57.22,2,2,-20.75,0.2032,1.143,0.762,2.54,1.9558,2.794,1.9558,1,3,3,300,0,2,2,2.794,2.794,2.7178,2.7178,36.46,57.22,2,2,1.9558,2.794,0,-20.759999999999998,0.8382000000000001,3.9116,21.440729483282674,57.900729483282674,242.09927051671733,6.015868629850388,0.0,0.8069975683890578,76.69495858472237,38.46,2.7178,2.7178,1.3461999999999998,1.3461999999999998,10.728299056566534,10.728299056566534,5.314017289701179,5.314017289701179,1.9558,7.720364741641338,57.900729483282674,82.95098014447558,38.1848971696996,10.728299056566534,5.314017289701179,25.050250661192905,0
B00027,B00027_R2,27,Gate_1,Yellow_5,1,2,0.762,2.54,54.1,2.54,1.6002,46.8,3,2,7.31,0.2032,0.762,1.0668,0.7112,2.3368,3.175,1.4224,1,3,3,300,1,1,2,0.0,0.0,1.4223999999999999,1.4223999999999999,46.8,54.1,2,3,3.175,2.3368,-1,-7.300000000000004,-0.8381999999999996,4.5974,24.147870366715352,70.94787036671535,229.05212963328466,6.918248924327969,0.0,0.7635070987776156,65.25427415495714,48.8,1.4223999999999999,1.4223999999999999,3.175,3.175,5.6148107211937,5.6148107211937,12.53305964552165,12.53305964552165,3.175,12.53305964552165,70.94787036671535,102.01398965775866,36.680930012237,5.6148107211937,12.53305964552165,31.066119291043307,1
B00027,B00027_R2,25,Gate_1,Orange_7,2,2,0.762,2.54,54.1,2.54,1.6002,46.8,3,2,7.31,0.2032,0.762,2.54,1.6002,2.3368,3.175,3.175,1,3,3,300,1,2,2,0.0,0.0,3.175,3.175,46.8,54.1,2,3,3.175,2.3368,-1,-7.300000000000004,-0.8381999999999996,6.35,31.0661192910433,77.8661192910433,222.1338807089567,0.0,0.0,0.7404462690298557,47.24409448818898,48.8,3.175,3.175,1.4223999999999999,1.4223999999999999,12.53305964552165,12.53305964552165,5.6148107211937,5.6148107211937,3.175,12.53305964552165,77.8661192910433,95.0957407334307,36.680930012237,12.53305964552165,5.6148107211937,17.229621442387398,0
B00028,B00028_R1,28,Yellow_2,Gate_3,1,2,0.762,2.54,43.98,2.54,1.6002,54.1,2,3,-10.12,0.762,0.2032,0.2032,1.6002,2.9464,3.175,1.9558,2,3,3,300,0,1,2,1.4986,1.4986,0.9652,0.9652,43.98,54.1,2,3,2.9464,3.175,-1,-10.120000000000005,0.2285999999999997,4.902200000000001,25.35104409268543,69.33104409268543,230.66895590731457,0.0,0.0,0.7688965196910486,61.19701358573701,45.98,0.9652,0.9652,2.9463999999999997,2.9463999999999997,3.810050132238582,3.810050132238582,11.630679351044092,11.630679351044092,2.9464,11.630679351044094,69.33104409268543,90.7717735759681,25.25077961552126,3.810050132238582,11.630679351044092,21.440729483282666,1
B00028,B00028_R1,23,Gate_2,Purple_2,2,2,0.762,2.54,43.98,2.54,1.6002,54.1,2,3,-10.12,0.2032,1.143,0.762,2.54,1.9558,2.794,1.9558,1,3,3,300,0,2,2,1.4986,1.4986,2.9463999999999997,2.9463999999999997,43.98,54.1,2,3,1.9558,2.794,-1,-10.120000000000005,0.8382000000000001,3.9116,21.440729483282674,65.42072948328267,234.57927051671732,3.9103146094027466,0.0,0.7819309017223911,76.69495858472237,45.98,2.9463999999999997,2.9463999999999997,0.9652,0.9652,11.630679351044092,11.630679351044092,3.810050132238582,3.810050132238582,1.9558,7.720364741641338,65.42072948328267,86.86145896656535,36.98172344372953,11.630679351044092,3.810050132238582,21.44072948328268,0
B00029,B00029_R2,25,Gate_1,Orange_7,1,2,0.762,2.54,55.16,2.54,1.6002,43.98,3,2,11.18,0.2032,0.762,2.54,1.6002,2.3368,3.175,3.175,1,3,3,300,1,1,2,3.556,3.556,1.4986,1.4986,43.98,55.16,2,3,3.175,2.3368,-1,-11.18,-0.8381999999999996,6.35,31.0661192910433,75.0461192910433,224.95388070895672,0.0,0.0,0.7498462690298557,47.24409448818898,45.98,1.4986,1.4986,1.7271999999999998,1.7271999999999998,5.915604152686219,5.915604152686219,6.817984447163778,6.817984447163778,3.175,12.53305964552165,75.0461192910433,90.47098014447558,27.055540204476372,5.915604152686219,6.817984447163778,15.424860853432278,1
B00029,B00029_R2,29,Orange_5,Gate_4,2,2,0.762,2.54,55.16,2.54,1.6002,43.98,3,2,11.18,1.9812,2.032,0.2032,1.9812,1.7272,1.4986,2.3368,2,3,3,300,1,2,2,3.556,3.556,1.7271999999999998,1.7271999999999998,43.98,55.16,2,3,1.4986,1.7272,-1,-11.18,0.22860000000000014,3.8354,21.139936051790155,65.11993605179015,234.88006394820985,9.926183239253135,0.0,0.7829335464940328,78.21869948375658,45.98,1.7271999999999998,1.7271999999999998,1.4986,1.4986,6.817984447163778,6.817984447163778,5.915604152686219,5.915604152686219,1.4986,5.915604152686219,65.11993605179015,96.18605534283344,37.884103738207074,6.817984447163778,5.915604152686219,31.066119291043293,0
B00030,B00030_R1,28,Yellow_2,Gate_3,1,3,0.762,2.54,45.98,0.2032,1.9812,54.7,3,3,-8.72,0.762,0.2032,0.2032,1.6002,2.9464,2.3368,1.9558,2,3,3,300,0,1,3,1.4986,1.4986,0.9652,0.9652,45.98,54.7,3,3,2.9464,2.3368,0,-8.720000000000006,-0.6095999999999999,4.902200000000001,25.35104409268543,71.33104409268543,228.66895590731457,2.1055540204476415,0.0,0.7622298530243818,61.19701358573701,48.98,0.9652,0.9652,2.9463999999999997,3.4036,3.810050132238582,3.810050132238582,11.630679351044092,13.43543993999921,2.9464,11.630679351044094,71.33104409268543,120.22837168910117,56.517427860892916,3.810050132238582,13.43543993999921,48.897327596415735,2
B00030,B00030_R1,23,Gate_2,Purple_2,2,3,0.762,2.54,45.98,0.2032,1.9812,54.7,3,3,-8.72,0.2032,1.143,0.762,2.54,1.9558,1.3462,1.9558,1,3,3,300,0,2,3,0.7493,0.0,2.4511,1.9558,45.98,54.7,3,3,1.9558,1.3462,0,-8.720000000000006,-0.6095999999999999,3.9116,21.440729483282674,67.42072948328267,232.57927051671732,6.015868629850388,0.0,0.7752642350557244,76.69495858472237,48.98,1.9558,2.4511,0.9652,2.2225,7.720364741641338,9.675522046342715,3.810050132238582,8.773141751865156,1.9558,7.720364741641338,67.42072948328267,116.31805707969842,72.15868629850394,9.675522046342715,8.773141751865156,48.89732759641575,1
B00030,B00030_R1,30,Gate_2,Orange_3,3,3,0.762,2.54,45.98,0.2032,1.9812,54.7,3,3,-8.72,0.2032,1.143,2.286,2.54,1.9558,1.3462,3.4798,1,3,3,300,0,3,3,0.7493,0.0,3.6703,3.4798,45.98,54.7,3,3,1.9558,1.3462,0,-8.720000000000006,-0.6095999999999999,5.4356,27.45659811313307,73.43659811313307,226.56340188686693,0.0,0.0,0.7552113396228898,55.19169916844507,48.98,3.4798,3.6703,0.9652,1.4605,13.73623337149173,14.488216950223029,3.810050132238582,5.76520743693996,1.9558,7.720364741641338,73.43659811313307,116.3180570796984,75.76820747641416,14.488216950223029,5.76520743693996,42.88145896656533,0
